file	doc	passage	side	sf	lf	sf_offset	lf_offset	sf_length	lf_length
collection_full_00001.xml	16696860	35	system_only	EST	sets 1431214_at & 1431213_a_at	33534	33557	3	30
collection_full_00001.xml	16603079	2	reference_only	apo	apolipoprotein	177	161	3	14
collection_full_00001.xml	16603079	10	system_only	Abeta	metabolism of beta amyloid	2265	2237	5	26
collection_full_00001.xml	18974869	16	system_only	NG2	in Figure 2G	14500	14516	3	12
collection_full_00001.xml	18974869	33	system_only	kDa	likely corresponding to a glycosylated form of the receptor	31619	31624	3	59
collection_full_00001.xml	18974869	42	system_only	GPR17	"GPR17"""	41400	41450	5	6
collection_full_00001.xml	18974869	44	system_only	Scr	"""scrambled"" randomly designed oligonucleotide"	42687	42640	3	45
collection_full_00001.xml	18974869	88	system_only	Zeiss	analyzed and counted using a fluorescence microscope	68438	68384	5	52
collection_full_00001.xml	18974869	130	reference_only	SNAP-25	synaptosome-associated protein of 25 kDa	74379	74337	7	40
collection_full_00001.xml	18844999	6	system_only	iNOS	pro-inflammatory enzymes such as nitric oxide synthase	1542	1486	4	54
collection_full_00001.xml	18844999	18	system_only	BD	obtained from the supernatant after filtering through 100-mum cell strainers	7068	6990	2	76
collection_full_00001.xml	18844999	28	system_only	BD	incubated with streptavidinallophycocyanin or phycoerythrin	11229	11168	2	59
collection_full_00001.xml	18844999	50	system_only	Nec.	necrotic neurons for 20 hours, MCM	25054	25018	4	34
collection_full_00001.xml	18844999	53	reference_only	MCM	microglia cultures either non-stimulated	27524	27482	3	40
collection_full_00001.xml	18844999	53	system_only	MCM	MyD88-deficient microglia cultures either non-stimulated	27524	27466	3	56
collection_full_00001.xml	19400960	24	reference_only	DMEM	{Dulbeco's essential medium	8451	8422	4	27
collection_full_00001.xml	19400960	24	system_only	DMEM	feeder medium {Dulbeco's essential medium	8451	8408	4	41
collection_full_00001.xml	19626134	28	system_only	n=3	treatment: CD31=100+-1, CD40=82+-8, ICAM-1=78+-1	10749	10699	3	48
collection_full_00001.xml	19638226	15	reference_only	fb	forebrain	4406	4395	2	9
collection_full_00001.xml	19638226	15	reference_only	op	optical vesicles	4460	4442	2	16
collection_full_00001.xml	19638226	15	reference_only	li	liver	4510	4503	2	5
collection_full_00001.xml	19638226	15	system_only	fb	For a better orientation different regions are indicated; forebrain	4406	4337	2	67
collection_full_00001.xml	19638226	15	system_only	li	forelimb buds (fl), liver	4510	4483	2	25
collection_full_00001.xml	19638226	44	system_only	PBT	PBS with 1% Tween 20	17831	17809	3	20
collection_full_00001.xml	19924295	41	system_only	LSD	cells decreased, within the dorsal lateral septal nucleus	20725	20666	3	57
collection_full_00001.xml	19924295	55	reference_only	dr	dreher	30730	30722	2	6
collection_full_00001.xml	19924295	110	reference_only	hyh	Hydrocephalus with hop gait	50282	50253	3	27
collection_full_00001.xml	20042120	41	system_only	Cells	cells/25 cm2	33013	33030	5	12
collection_full_00001.xml	20042120	50	reference_only	DHE	diluted in the respective media	38092	38097	3	31
collection_full_00001.xml	20042120	57	system_only	PBS-T	PBS with 0.1% Tween 20	43949	43956	5	22
collection_full_00001.xml	20111716	24	reference_only	ctx	cortex	13896	13888	3	6
collection_full_00001.xml	20111716	24	reference_only	str	striatum	13915	13905	3	8
collection_full_00001.xml	20111716	24	system_only	Py	pyramidal cell layer of the hippocampus	14502	14461	2	39
collection_full_00001.xml	20111716	43	reference_only	ctx	cortex	28294	28286	3	6
collection_full_00001.xml	20111716	43	reference_only	str	striatum	28320	28310	3	8
collection_full_00001.xml	20169057	18	system_only	D5	days 5, 10, 16 or 22 post-infection	8799	8762	2	35
collection_full_00001.xml	20169057	31	system_only	PBS-T	PBS containing 0.3% Triton X-100	15762	15728	5	32
collection_full_00001.xml	20169057	59	reference_only	SOR	supraoptic nucleus, retrochiasmatic	24045	24008	3	35
collection_full_00001.xml	20169057	59	system_only	Pe	periventricular hypothalamic nucleus	24236	24198	2	36
collection_full_00001.xml	20169057	61	reference_only	SOR	supraoptic nucleus; retrochiasmatic	25404	25367	3	35
collection_full_00001.xml	20169057	61	system_only	Pe	periventricular hypothalamic nucleus	25538	25500	2	36
collection_full_00001.xml	20559421	50	system_only	BAF	boc-aspartyl (Ome)-fluoromethylketone	27373	27334	3	37
collection_full_00001.xml	20559421	58	system_only	Roche	natriumdeoxycholate, 150 mM NaCl, 1 mM EDTA, and protease inhibitors	30687	30617	5	68
collection_full_00001.xml	21138577	18	reference_only	APP/PS1	amyloid precursor protein and presenilin 1 transgenic	8170	8115	7	53
collection_full_00001.xml	21138577	27	system_only	Ab	Molecular Probes	13549	13553	2	16
collection_full_00001.xml	21138577	43	system_only	TBS-T	TBS containing 0.25% Triton X-100	19695	19660	5	33
collection_full_00001.xml	21138577	50	reference_only	C	cells	22784	22777	1	5
collection_full_00001.xml	21203420	8	system_only	w/w	8-week-old mice were fed 0.2%	4341	4310	3	29
collection_full_00001.xml	21203420	14	system_only	1x TBS	1x Tris-buffered saline pH 7.4	7628	7596	6	30
collection_full_00001.xml	21203420	21	system_only	APP	anti-Alzheimer precursor protein A4 antibody	12067	12021	3	44
collection_full_00001.xml	21203420	40	system_only	A-C	and cytoplasmic localization in cells	18798	18759	3	37
collection_full_00001.xml	21595956	35	system_only	cDNA	glucose-3 phosphate dehydrogenase	15387	15393	4	33
collection_full_00001.xml	21595956	70	reference_only	HRP	4-(2-hydroxyethyl)-1-piperazineethanesulfonic acid;	33468	33415	3	51
collection_full_00001.xml	21595956	70	system_only	i.p.	Horseradish peroxidise; (ICV): Intracerebroventricular;	33531	33474	4	55
collection_full_00001.xml	21569627	22	system_only	1x TBS	1x Tris buffered saline pH 7.4	9032	9000	6	30
collection_full_00001.xml	21569627	45	system_only	Tyro3-/-	Tyro3 knockout mice	20578	20557	8	19
collection_full_00001.xml	22093090	22	reference_only	Morph+Tat	morphine and Tat	16030	16012	9	16
collection_full_00001.xml	22093090	22	system_only	Tat	Morph+Tat	16025	16030	3	9
collection_full_00001.xml	22093090	39	reference_only	Morph+Tat	morphine and Tat	28907	28889	9	16
collection_full_00001.xml	22093090	39	system_only	Tat	Morph+Tat	28902	28907	3	9
collection_full_00001.xml	22093090	56	system_only	Cx3cr1-/-	Cx3cr1GFP/GFP	41828	41838	9	13
collection_full_00001.xml	22651808	7	reference_only	beta	amyloid-beta	5271	5257	4	12
collection_full_00001.xml	22651808	52	system_only	NOS-II	iNOS, Inducible nitric oxide synthase	30779	30740	6	37
collection_full_00001.xml	22742584	21	system_only	CD11b-	CD11b+ or effluent	7721	7701	6	18
collection_full_00001.xml	22591368	23	reference_only	K+	GIRK/Kir3	18189	18193	2	9
collection_full_00001.xml	22591368	24	system_only	AMPAR	alpha-Amino-3-hydroxy-5-methylisoxazole-4-propionic acid (AMPA) receptor	20424	20350	5	72
collection_full_00001.xml	22591368	360	reference_only	D	distal	73579	73571	1	6
collection_full_00001.xml	22863301	26	system_only	GFAP	including TNFalpha and MHC-II, but not in others	18413	18363	4	48
collection_full_00001.xml	23459929	15	system_only	IL-1R	IL-1 receptor type I	18391	18369	5	20
collection_full_00001.xml	23459929	26	reference_only	IL-6	IL-1beta, Interleukin-6	28066	28041	4	23
collection_full_00001.xml	23459929	26	system_only	IL-6	Interleukin-6	28066	28051	4	13
collection_full_00001.xml	23459929	36	system_only	CHI	significantly higher in three-hit poly-trauma	36278	36231	3	45
collection_full_00001.xml	23459929	54	reference_only	ASC	a caspase recruitment domain	53850	53820	3	28
collection_full_00001.xml	23459929	54	system_only	ASC	Apoptosis-associated speck-like protein containing a caspase recruitment domain	53850	53769	3	79
collection_full_00001.xml	23459929	270	system_only	p site	post-traumatic treatment with Ro5 4864, a peripheral-type	90248	90189	6	57
collection_full_00001.xml	23557178	19	reference_only	atm	atmospheres	9777	9764	3	11
collection_full_00001.xml	23557178	58	system_only	A-C	after cFPI or sham-injury in mice.	28556	28521	3	34
collection_full_00001.xml	23557178	66	reference_only	CCI	cortical impact TBI model	35097	35070	3	25
collection_full_00001.xml	23557178	66	system_only	CCI	controlled cortical impact TBI model	35097	35059	3	36
collection_full_00001.xml	23861803	3	reference_only	DA	dopaminergic	1714	1700	2	12
collection_full_00001.xml	23861803	3	system_only	DA	disorder involving a progressive loss of dopaminergic	1714	1659	2	53
collection_full_00001.xml	23861803	5	reference_only	IP-LGF	intraperitoneally administered LGF	3706	3670	6	34
collection_full_00001.xml	23861803	5	system_only	LGF	IP-LGF	3701	3706	3	6
collection_full_00001.xml	24058406	46	system_only	red.	polymerized actin	33934	33915	4	17
collection_full_00001.xml	24058406	79	reference_only	Sigma	Solution with 100 microg/ml DNAse I	59307	59270	5	35
collection_full_00001.xml	24058406	91	reference_only	H4	HTB-148	64577	64587	2	7
collection_full_00001.xml	24058406	107	reference_only	H4	HTB-148	69656	69666	2	7
collection_full_00001.xml	23828046	19	system_only	n=4	determined at P14	9411	9392	3	17
collection_full_00001.xml	24086725	37	system_only	Sigma	PBS containing 10 U/ml Heparin	24030	23998	5	30
collection_full_00001.xml	24086725	59	system_only	ssAAV	single-stranded AAV expression constructs	44850	44807	5	41
collection_full_00001.xml	24278459	3	reference_only	NF-kappaB	nuclear factor kappa-light-chain-enhancer of activated B cells	2135	2071	9	62
collection_full_00001.xml	24278459	44	system_only	TNF	Production of cytokines and chemokines	22498	22458	3	38
collection_full_00001.xml	24278459	48	reference_only	E. coli	Escherichia coli	24782	24764	7	16
collection_full_00001.xml	24278459	50	system_only	i.e. LPS	hypersensitivity to bacterial products	26593	26553	8	38
collection_full_00001.xml	23832647	12	system_only	MDCK	Madin-Darby canine kidney cell line	9984	9947	4	35
collection_full_00001.xml	24339874	15	system_only	GFAP	immuno-labelling for microglia (PU.1) and astrocytes	11496	11442	4	52
collection_full_00001.xml	24339874	59	system_only	c-fms	expected from previous findings of the M-CSF receptor	25259	25204	5	53
collection_full_00001.xml	24359561	1	reference_only	Tat	transactivator of transcription	183	198	3	31
collection_full_00001.xml	24359561	1	system_only	Tat	transcription	183	216	3	13
collection_full_00001.xml	24359561	4	reference_only	Tat	transactivator of transcription	914	919	3	31
collection_full_00001.xml	24359561	4	system_only	Tat	transcription	914	937	3	13
collection_full_00001.xml	24359561	4	system_only	TAR	nascent viral RNAs	1508	1488	3	18
collection_full_00001.xml	24359561	28	system_only	Tat	http://www.ncbi.nlm.nih.gov/projects/RefSeq/HIVInteractions/	25983	25988	3	60
collection_full_00001.xml	24359561	31	system_only	SERP1	stress-associated endoplasmic reticulum protein 1 involved in Endoplasmic Reticulum stability	29657	29664	5	93
collection_full_00001.xml	24359561	45	system_only	Tat	http://www.ncbi.nlm.nih.gov/projects/RefSeq/HIVInteractions/	42061	42066	3	60
collection_full_00001.xml	24359561	46	system_only	Tat	demonstrated in GST pull-down experiments	48158	48163	3	41
collection_full_00001.xml	24359561	47	system_only	Tat	http://www.ncbi.nlm.nih.gov/projects/RefSeq/HIVInteractions/	48338	48343	3	60
collection_full_00001.xml	24359561	48	reference_only	TSP	Thrombospondin-1	65706	65688	3	16
collection_full_00001.xml	24359561	48	system_only	RGD	arginine-glycine-aspartic acid	59141	59109	3	30
collection_full_00001.xml	24359561	48	system_only	Mce1	"mRNA-capping enzyme	NP_003791.3	 	HIV-1 Tat binding to mammalian capping enzyme"	60206	60125	4	79
collection_full_00001.xml	24359561	48	system_only	TSP	"TFIIH subunits, including p62 and ERCC3	 	Thrombospondin-1 precursor	NP_003237.2	 	Thrombospondin-1"	65706	65605	3	99
collection_full_00001.xml	24659953	12	system_only	w/w	When mice were fed 0.2%	12606	12581	3	23
collection_full_00001.xml	24659953	16	reference_only	PARP	poly(ADP-ribose) polymerase	18472	18443	4	27
collection_full_00001.xml	24659953	42	system_only	TIMP	antagonists of metalloproteinases	43641	43606	4	33
collection_full_00001.xml	24659953	61	system_only	PPMS	secondary-progressive (SPMS) and primary-progressive	73267	73213	4	52
collection_full_00001.xml	24659953	63	reference_only	shi	Shiverer	82182	82172	3	8
collection_full_00001.xml	24904276	33	system_only	MMPs	immune response by releasing metalloproteinases	26841	26792	4	47
collection_full_00001.xml	24904276	80	system_only	Treg	that produce proinflammatory cytokines, causing damage while CD4+CD25high T lymphocytes	66093	66004	4	87
collection_full_00001.xml	24949623	3	reference_only	Tat	transactivator of transcription	3622	3589	3	31
collection_full_00001.xml	24949623	3	system_only	Tat	transcription	3622	3607	3	13
collection_full_00001.xml	24949623	78	system_only	TUNEL(-)	evaluated sub-lethal neurite length changes by assessing only	42250	42187	8	61
collection_full_00001.xml	24920309	25	system_only	PBS-T	PBS with 0.2% Triton X-100	8518	8489	5	26
collection_full_00001.xml	24920309	28	system_only	TBS-T	Tris buffered saline with 0.1% Tween -20	11135	11093	5	40
collection_full_00001.xml	24920309	39	system_only	A-C	and co-labelled with NG2	18041	18015	3	24
collection_full_00001.xml	24920309	82	system_only	HLA	histocompatibility complex, class II DR alpha	49972	49925	3	45
collection_full_00001.xml	25170345	55	reference_only	B	brain	39644	39637	1	5
collection_full_00001.xml	25005575	14	system_only	PS	"pathology	HS N = 4	1	4"	4746	4722	2	22
collection_full_00001.xml	25005575	14	system_only	PS	"Dysmorphic neurones, cortical dyslamination and balloon cells	 	12	11 months"	5554	5476	2	76
collection_full_00001.xml	25005575	14	system_only	PS	"parietal resection	 	15	5"	5697	5670	2	25
collection_full_00001.xml	25005575	14	system_only	PS	"parietal resection	 	FCD IIIA N = 5	16	12"	5763	5720	2	41
collection_full_00001.xml	25005575	14	system_only	PS	"epilepsy associated tumour (LEAT/DNT)	 	22	6"	6159	6113	2	44
collection_full_00001.xml	25005575	14	system_only	GS	"Organising electrode track cavity of 10 days	 	13~	7"	7489	7435	2	52
collection_full_00001.xml	25005575	14	system_only	PS	"Peripheral samples in CUSA specimen	 	35	7"	7834	7790	2	42
collection_full_00001.xml	25005575	14	system_only	PS	"pole; spreading of EEG activity	 	36	16"	7992	7951	2	39
collection_full_00001.xml	25620908	1	system_only	PD	Parkinson's and Huntington's disease	1538	1500	2	36
collection_full_00001.xml	25620908	9	system_only	HD	These data were generated on Affymetrix Human microarrays U133A	5553	5488	2	63
collection_full_00001.xml	25620908	21	reference_only	LMD	laser capture microdissection	15405	15374	3	29
collection_full_00001.xml	25620908	46	reference_only	GABARAPL1	GABA(A) receptor-associated protein like 1	29606	29562	9	42
collection_full_00001.xml	25620908	62	system_only	HD	Herskovits and Guarente,	40857	40873	2	24
collection_full_00001.xml	25890150	12	reference_only	DA	dopaminergic	2894	2880	2	12
collection_full_00001.xml	25890150	12	system_only	DA	disorder and characterized pathologically by the loss of pigmented dopaminergic	2894	2813	2	79
collection_full_00001.xml	25890150	53	reference_only	MTT	mul of 3-(4,5-dimethylthiazol-2-yl)-2,5-diphenyltetrazolium bromide	13244	13175	3	67
collection_full_00001.xml	25890150	69	reference_only	MEF2D	sh-MEF2D	21611	21618	5	8
collection_full_00001.xml	25890150	69	system_only	sh-MEF2D	shRNA to MEF2D	21618	21602	8	14
collection_full_00001.xml	25978454	27	reference_only	expr	expression level	9689	9671	4	16
collection_full_00001.xml	25501826	8	reference_only	DEVD-ase	D(OMe)E(OMe)VD(OMe)-ase	6635	6610	8	23
collection_full_00001.xml	25501826	12	reference_only	IAPs	Inhibitors of apoptosis protein	9117	9084	4	31
collection_full_00001.xml	25501826	83	reference_only	IAP	Inhibitor of apoptosis	30808	30784	3	22
collection_full_00001.xml	26109926	64	system_only	CNS	section S4 of the SI	42253	42285	3	20
collection_full_00001.xml	26283904	26	system_only	Lin,	pathology in most cases of VWMD	27565	27532	4	31
collection_full_00001.xml	26317511	34	system_only	Bio-Rad	incubated with secondary antibody linked to horseradish peroxidase	19678	19610	7	66
collection_full_00001.xml	26376629	4	system_only	SGZ	subgranular zone of the dentate gyrus	1010	971	3	37
collection_full_00001.xml	26406232	30	system_only	II	Bioscience	12734	12741	2	10
collection_full_00001.xml	26441823	24	reference_only	MES	2-[N-morpholino]ethanesulfonic acid	13261	13266	3	35
collection_full_00001.xml	26594154	43	system_only	C.	Ci	25770	25774	2	2
collection_full_00001.xml	26566974	27	system_only	CB	cerebellum granule cells	14334	14338	2	24
collection_full_00001.xml	26566974	44	reference_only	IHC	"In-house, rabbit, polyclonal	1:500"	24539	24503	3	34
collection_full_00001.xml	25627810	15	system_only	II	Biosciences	10598	10605	2	11
collection_full_00001.xml	25627810	32	reference_only	Vv70mer	vaccinia virus derived 70 mer	17954	17923	7	29
collection_full_00001.xml	25627810	32	system_only	Vv70mer	virus derived 70 mer	17954	17932	7	20
collection_full_00001.xml	25627810	60	system_only	I:C	in mice challenged systemically with poly	36878	36835	3	41
collection_full_00001.xml	26491149	42	reference_only	ast	astroglia	27262	27251	3	9
collection_full_00001.xml	26491149	46	reference_only	ast	astrogliosis	32899	32885	3	12
collection_full_00001.xml	26778406	31	reference_only	F-12	DMEM/F12	19602	19608	4	8
collection_full_00001.xml	26778406	31	system_only	DMEM/F12	Dulbecco's modified eagle medium: Nutrient mixture F-12	19608	19551	8	55
collection_full_00001.xml	26778406	39	system_only	PBS-T	PBS with 0.1% triton X-100	23262	23234	5	26
collection_full_00001.xml	26779719	60	system_only	i.p.	following exposure to LPS	31744	31717	4	25
collection_full_00001.xml	26779719	63	system_only	i.p.	following exposure to LPS	32078	32051	4	25
collection_full_00001.xml	26779719	63	system_only	i.p.	following exposure to LPS	32684	32657	4	25
collection_full_00001.xml	26779719	63	system_only	i.p.	following exposure to LPS	33191	33164	4	25
collection_full_00001.xml	26779719	63	system_only	i.p.	following exposure to LPS	33790	33763	4	25
collection_full_00001.xml	26856327	51	system_only	in red	infiltrated the tumor mass	24833	24805	6	26
collection_full_00001.xml	26856696	41	reference_only	HS-	H2S	15966	15961	3	3
collection_full_00001.xml	26856696	82	system_only	STS	STS: 60-65 % reduction	39903	39933	3	22
collection_full_00001.xml	26867675	27	system_only	PBS-T	PBS with 0.1 % triton X-100	8987	8958	5	27
collection_full_00001.xml	26941709	4	system_only	ROS	increased excitotoxicity, raised intracellular calcium, oxidative stress	2822	2748	3	72
collection_full_00001.xml	26952098	42	reference_only	a	areas	18985	18978	1	5
collection_full_00001.xml	26719249	41	system_only	SE	onset occurred 198.5 +- 1.0	22150	22121	2	27
collection_full_00001.xml	26719249	47	system_only	SE	was confirmed to be 97% +- 0.43%	28297	28263	2	32
collection_full_00001.xml	26719249	48	reference_only	C	control	28937	28928	1	7
collection_full_00001.xml	26669927	2	system_only	Y705	tyrosine 705	1043	1029	4	12
collection_full_00001.xml	26669927	40	system_only	Y705	Tyr-705	3346	3337	4	7
collection_full_00001.xml	26669927	68	reference_only	c	cortex	13357	13349	1	6
collection_full_00001.xml	26669927	94	system_only	STAT3	"STAT3
DeltaS"	23954	23961	5	12
collection_full_00001.xml	26669927	94	system_only	t-test	"the STAT3
DeltaS animals, with significant, individual decrease"	25577	25512	6	63
collection_full_00001.xml	26669927	94	system_only	s-insert	"STAT3
DeltaS brains exhibiting a ramified phenotype"	27096	27043	8	51
collection_full_00001.xml	26669927	102	system_only	t-test	contralateral reactive astrogliosis with significant, individual decrease	35214	35139	6	73
collection_full_00001.xml	27097852	10	system_only	GRN	progranulin	6686	6673	3	11
collection_full_00001.xml	27097852	54	system_only	Agilent	was determined using Bioanalyzer DNA 1,000 Kit	43791	43743	7	46
collection_full_00001.xml	27097852	54	system_only	Illumina	Illumina's TruSeq RNA Sample Preparation Kit v2	44045	43996	8	47
collection_full_00001.xml	27097852	60	system_only	nRPKM	normalized Reads Per Kilobase gene model per Million total reads	45952	45959	5	64
collection_full_00001.xml	27097852	87	system_only	Agilent	cRNA using Quick Amp Labeling Kit	54334	54299	7	33
collection_full_00001.xml	27220286	19	reference_only	in	inclusion	10869	10858	2	9
collection_full_00001.xml	27220286	20	reference_only	in	inclusion	11618	11607	2	9
collection_full_00001.xml	27220286	22	reference_only	c	cells	14271	14264	1	5
collection_full_00001.xml	27314674	82	system_only	Spib	Spi-B transcription factor Spi-1/PU.1 related	41042	40995	4	45
collection_full_00001.xml	27314674	93	system_only	Aox1	aldehyde oxidase 1, 2, and 3	44980	44950	4	28
collection_full_00001.xml	27314674	107	system_only	PLP1	Proteolipid protein (myelin) 1	56816	56784	4	30
collection_full_00001.xml	27314674	183	reference_only	pero	primary 15-lipoxygenase metabolites 15-hydro	71161	71115	4	44
collection_full_00001.xml	27000179	9	system_only	HSC	such as hematopoietic	13163	13140	3	21
collection_full_00001.xml	27458802	20	reference_only	D	density	9628	9619	1	7
collection_full_00001.xml	27458802	54	reference_only	oil	or vehicle	27158	27146	3	10
collection_full_00001.xml	27458802	72	reference_only	C3	CR3	39456	39475	2	3
collection_full_00001.xml	27515581	35	system_only	ref.	roles of both connexin-43	25499	25472	4	25
collection_full_00001.xml	27515581	130	system_only	Ipsi	experimental protocol for spinal ATP detection	43449	43401	4	46
collection_full_00001.xml	27515581	132	system_only	Slc17a9+/+	Slc17a9-/- mice and WT littermates	44396	44360	10	34
collection_full_00001.xml	27515581	142	reference_only	w/o	without	50196	50187	3	7
collection_full_00001.xml	27596241	38	system_only	Fig. 1b	Figure 1b shows early activation of Erk1/2 during cuprizone treatment	17271	17200	7	69
collection_full_00001.xml	27596241	141	system_only	MEK	mitogenactivated protein kinase (MAPK) kinase	46539	46492	3	45
collection_full_00001.xml	27683542	13	system_only	Tree Star	data were analyzed by the FlowJo software	9664	9621	9	41
collection_full_00001.xml	27683542	32	system_only	mRNA	becomes prominent after the 14th	17405	17371	4	32
collection_full_00001.xml	27683542	47	system_only	NSC	differentiation as compared to baseline	30141	30100	3	39
collection_full_00001.xml	27747196	42	system_only	PBS	open bars	21548	21553	3	9
collection_full_00001.xml	27120809	48	reference_only	Chiyoda	Core Research Facility's TEM model Hitachi H7500	31524	31474	7	48
collection_full_00001.xml	27847469	36	system_only	G,H	granules of heterochromatin of different sizes	30486	30438	3	46
collection_full_00001.xml	27847469	38	reference_only	A-E	applies to	33935	33923	3	10
collection_full_00001.xml	27847469	38	system_only	A-C	a constant rim of cytoplasm around the nucleus	33183	33135	3	46
collection_full_00001.xml	27847469	41	reference_only	ncl	nucleolus	35899	35888	3	9
collection_full_00001.xml	27847469	41	reference_only	ncl	nucleolus	37075	37064	3	9
collection_full_00001.xml	27847469	41	system_only	Lf	lipofuscin or other lipid bodies	35746	35712	2	32
collection_full_00001.xml	27847469	42	reference_only	ncl	nucleolus	37715	37704	3	9
collection_full_00001.xml	27847469	75	reference_only	ncl	nucleolus	57270	57259	3	9
collection_full_00001.xml	27847469	75	system_only	Lf	Lipofuscin or other lipid bodies	56878	56844	2	32
collection_full_00001.xml	27847469	112	system_only	e. g.	represent disagreements between pairs of experimenters	72465	72409	5	54
collection_full_00001.xml	27830700	5	system_only	ref.	for defense against HSV-1	3759	3732	4	25
collection_full_00001.xml	27830700	43	system_only	II	in Tissuelyser	35275	35259	2	14
collection_full_00001.xml	27884214	9	system_only	PO	prophylactically with fenbendazole	6013	5977	2	34
collection_full_00001.xml	27884214	9	system_only	IM	sodium	6039	6031	2	6
collection_full_00001.xml	27779463	29	system_only	D'-F'	dpt of U87 cells;	19371	19352	5	17
collection_full_00001.xml	27779463	44	system_only	irf8-/-	irf8 null mutant	33008	32990	7	16
collection_full_00001.xml	27931227	4	system_only	sODN	synthesized and labeled phosphorothioated oligonucleic acids	1562	1500	4	60
collection_full_00001.xml	27931227	66	reference_only	A1	A1s	38124	38128	2	3
collection_full_00001.xml	27931227	66	system_only	SS	was measured from total striatal RNA of S1	38119	38075	2	42
collection_full_00001.xml	27931227	75	reference_only	dia	diameter	45951	45941	3	8
collection_full_00001.xml	27991544	58	system_only	BD	incubated for 15 minutes with Fc Receptor block	31273	31224	2	47
collection_full_00001.xml	27991544	134	reference_only	J.L.	Jean Langhorne	42527	42533	4	14
collection_full_00001.xml	27991544	134	reference_only	J.W.L.	Jingwen Lin	42692	42700	6	11
collection_full_00001.xml	28076797	145	reference_only	iii	image tile depicted in	54053	54029	3	22
collection_full_00001.xml	28076797	145	system_only	iii	intensity in the image tile depicted in	54053	54012	3	39
collection_full_00001.xml	28243193	34	reference_only	Aldh1L1	aldehyde dehydrogenase 1 family member L1 promoter	30188	30136	7	50
collection_full_00001.xml	28220827	134	system_only	A,E,I	after surgery in the sham	45493	45466	5	25
collection_full_00001.xml	28302163	29	system_only	TBST	Tris-buffered saline with 0.1% Tween	13010	12972	4	36
collection_full_00001.xml	28302163	48	system_only	HI N-cdh	vehicle, N-cdh, or an equivalent amount of heat-inactivated protein	23409	23340	8	67
collection_full_00001.xml	28302163	60	system_only	DAMPs	activated by injury-associated molecular patterns	32218	32167	5	49
collection_full_00001.xml	28367307	12	reference_only	MeCP2	methyl-CpG binding protein 2	2617	2587	5	28
collection_full_00001.xml	28367307	12	system_only	MeCP2	MeCP2, which codes for methyl-CpG binding protein 2	2617	2564	5	51
collection_full_00001.xml	28367307	37	system_only	RNA-seq	RNA was subsequently extracted and sequenced by a strand-specific protocol	16094	16018	7	74
collection_full_00001.xml	28367307	42	system_only	Sema3b	Sema3b, Nov, Dnaja1, Vcam1, and Mgp, three of which	19424	19371	6	51
collection_full_00001.xml	28367307	49	system_only	Yars	Yars, and Mars, one of which	23096	23066	4	28
collection_full_00001.xml	28358926	10	system_only	Ntv-a	encoding tv-a	8240	8225	5	13
collection_full_00001.xml	28358926	18	system_only	TR/TEeff	with repetition time/effective echo time	14693	14651	8	40
collection_full_00001.xml	28358926	19	system_only	Cr	stores:creatine and phosphocreatine	16202	16165	2	35
collection_full_00001.xml	28358926	39	system_only	SMA	vessel marker	26077	26088	3	13
collection_full_00001.xml	28358926	41	system_only	OLIG2+	Olig2 and GFAP co-labeling demonstrated numerous glial tumor cells	27755	27687	6	66
collection_full_00001.xml	28358926	41	system_only	CD44+	CD44 and RECA-1 co-labeling demonstrated numerous foci of stem-like cells	28637	28562	5	73
collection_full_00001.xml	28361918	2	reference_only	PV+	parvalbumin-positive	1550	1528	3	20
collection_full_00001.xml	28361918	18	system_only	LGE	http://developingmouse.brain-map.org/	13514	13519	3	37
collection_full_00001.xml	28361918	24	system_only	D0	day 0 undifferentiated ES cells	17932	17899	2	31
collection_full_00001.xml	28361918	58	system_only	mRNA_mol	norm_mRNA_mol, in which raw counts	36283	36247	8	34
collection_full_00001.xml	28361918	59	reference_only	epend	ependymal	36961	36950	5	9
collection_full_00001.xml	28361918	59	reference_only	peric	pericytes	37004	36993	5	9
collection_full_00001.xml	28381236	32	system_only	Sdha	succinate dehydrogenase complex subunit A	16237	16194	4	41
collection_full_00001.xml	28381236	61	system_only	b-i	b-e indicate the flatmount outline and from where the images	36371	36309	3	60
collection_full_00001.xml	28427412	35	reference_only	SNc	SN pars compacta	18148	18130	3	16
collection_full_00001.xml	28298640	23	reference_only	a-l	analysis of	18752	18739	3	11
collection_full_00001.xml	28298640	23	system_only	or	of human retinal progenitor cells (HRPCs) and	18117	18070	2	45
collection_full_00001.xml	27858314	1	reference_only	BzATP	2',3'-O-(benzoyl-4-benzoyl)-adenosine 5'-triphosphate	956	901	5	53
collection_full_00001.xml	27858314	3	reference_only	BzATP	2',3'-O-(benzoyl-4-benzoyl)-adenosine 5'-triphosphate	2989	2934	5	53
collection_full_00001.xml	27858314	41	reference_only	floxed	following homologous recombination and loxP flanked	18957	18904	6	51
collection_full_00001.xml	27858314	57	system_only	P2rx7 +/-	hP2RX7 expression in heterozygous KO mice	34639	34596	9	41
collection_full_00001.xml	28559789	54	system_only	Htt	that the sequestering of toxic huntingin	51436	51394	3	40
collection_full_00001.xml	28559789	57	system_only	FUS	fused in sarcoma/translocated in liposarcoma	54011	53965	3	44
collection_full_00001.xml	28559789	143	system_only	psi+	protein Hsp104 in propagation of the yeast prion-like factor	81661	81599	4	60
collection_full_00001.xml	28559789	210	reference_only	PSI+	Propagation of Saccharomyces cerevisiae	87611	87570	4	39
collection_full_00001.xml	28559789	250	reference_only	CcN	casein kinase II-p34cdc2-NLS	91184	91154	3	28
collection_full_00001.xml	28559789	250	system_only	CcN	cycle kinases substantiates a predicted casein kinase II-p34cdc2-NLS	91184	91114	3	68
collection_full_00001.xml	28559789	302	system_only	PSI+	Hsp90 is critical for curing of Saccharomyces cerevisiae	95961	95903	4	56
collection_full_00001.xml	28298457	11	system_only	ROS	superoxide versus hydrogen peroxide	3837	3842	3	35
collection_full_00001.xml	28298457	44	system_only	Flox	Nox2flox mice	18030	18015	4	13
collection_full_00001.xml	28298457	52	system_only	EOH	specific dihydroethidium oxidation product 2-hydroxyethidium	23148	23086	3	60
collection_full_00001.xml	28298457	55	reference_only	B	baseline	25917	25907	1	8
collection_full_00001.xml	28611577	22	reference_only	AEBSF	4-(2-aminoethyl)benzenesulfonyl fluoride hydrochloride	13591	13535	5	54
collection_full_00001.xml	28720882	23	reference_only	c	cord	20723	20717	1	4
collection_full_00001.xml	28720882	27	reference_only	c	cord	24271	24265	1	4
collection_full_00001.xml	28768533	7	system_only	FCCP	trifluoromethoxy carbonylcyanide phenylhydrazone	2389	2339	4	48
collection_full_00001.xml	28768533	82	reference_only	cytarabine	cytosine arabinoside	43674	43652	10	20
collection_full_00001.xml	28768533	84	system_only	Rsad2	Radical S-adenosyl methionine domain containing 2 = Viperin	46160	46167	5	59
collection_full_00001.xml	28768533	98	system_only	SQSTM1	sequestosome 1 = p62	59080	59088	6	20
collection_full_00001.xml	28768533	118	system_only	RIG-I	protein family together with DDX58	74586	74550	5	34
collection_full_00001.xml	28120849	20	system_only	CCR2-	macrophages significantly, whereas the CD206+	15908	15861	5	45
collection_full_00001.xml	28874746	6	reference_only	mabs	monoclonal antibodies	4637	4614	4	21
collection_full_00001.xml	28874746	9	reference_only	red	RGMa (green) and NeuN	6248	6225	3	21
collection_full_00001.xml	28874746	9	reference_only	red	RGMa (green) and ED-1	7599	7576	3	21
collection_full_00001.xml	28874746	44	reference_only	mabs	monoclonal antibodies	43761	43738	4	21
collection_full_00001.xml	28855301	30	reference_only	red	retro-inverso peptides that did not	11958	11921	3	35
collection_full_00001.xml	28855301	51	reference_only	bat	batimastat	20801	20789	3	10
collection_full_00001.xml	29121947	6	reference_only	NF-kappaB	nuclear factor kappa-light-chain-enhancer of activated B cells	1580	1591	9	62
collection_full_00001.xml	29121947	44	reference_only	NF-kappaB	nuclear factor kappa-light-chain-enhancer of activated B cells	22194	22205	9	62
collection_full_00001.xml	29121947	45	reference_only	IR	immunoreactivity	22552	22534	2	16
collection_full_00001.xml	29121947	45	system_only	IR	is both rapid and transient as demonstrated by NF-kappaB immunoreactivity	22552	22477	2	73
collection_full_00001.xml	29121947	59	system_only	IR	filled arrowheads in Fig. 5b	36139	36143	2	28
collection_full_00001.xml	29121947	61	system_only	IR	with asterisk	38766	38785	2	13
collection_full_00001.xml	29121947	68	system_only	DeltaCBT	and microglia eliminates the increase in core body temperature	46578	46514	8	62
collection_full_00001.xml	29136637	50	system_only	RH	reported that a virulent strain of T. gondii	21351	21305	2	44
collection_full_00001.xml	29150625	13	system_only	NL	normalized at 100% of abundance and intensity	6941	6894	2	45
collection_full_00001.xml	29112130	4	system_only	TEMs	effector memory T cells	2653	2628	4	23
collection_full_00001.xml	29112130	4	system_only	TCMs	to antigenic stimulation, whereas central memory T cells	2925	2867	4	56
collection_full_00001.xml	29312938	39	reference_only	MECP2	methyl CpG binding protein 2 gene	38134	38099	5	33
collection_full_00001.xml	29315334	38	system_only	GRN	progranulin	14305	14292	3	11
collection_full_00001.xml	29315334	65	system_only	GRN	progranulin gene	26595	26577	3	16
collection_full_00001.xml	29191947	2	reference_only	ALS/FTD	ALS and FTD	583	570	7	11
collection_full_00001.xml	29191947	2	system_only	ALS/FTD	ALS, FTD, ALS and FTD	583	560	7	21
collection_full_00001.xml	29191947	5	reference_only	ALS/FTD	ALS and FTD	3742	3729	7	11
collection_full_00001.xml	29191947	5	system_only	FTD	ALS/FTD	3737	3742	3	7
collection_full_00001.xml	29191947	18	reference_only	FTD	Fecto & Siddique	13864	13869	3	16
collection_full_00001.xml	29191947	24	system_only	XIC	extracted ion chromatogram	16743	16715	3	26
collection_full_00001.xml	29191947	81	reference_only	bicor	biweight mid-correlations	55365	55338	5	25
collection_full_00001.xml	29275859	202	reference_only	cpm	comparing log-transformed mean counts	77042	77003	3	37
collection_full_00001.xml	29275859	212	reference_only	HID	HomoloGene group ID	79852	79831	3	19
collection_full_00001.xml	29416036	40	system_only	HS	Technologies	26606	26615	2	12
collection_full_00001.xml	29416036	58	system_only	Waters	was quantitatively transferred to a low retention LC vial	32785	32726	6	57
collection_full_00001.xml	29416036	64	system_only	Synapse	https://www.synapse.org/#!Synapse:syn3219045 and syn11468526	36882	36891	7	60
collection_full_00001.xml	29467770	54	system_only	NT	untreated	21314	21303	2	9
collection_full_00001.xml	29467770	60	reference_only	IL-5	IL-13, interleukin-5	28160	28138	4	20
collection_full_00001.xml	29467770	60	system_only	IL-5	interleukin-5	28160	28145	4	13
collection_full_00001.xml	29467770	66	system_only	ii	in time (minutes versus several hours) and	37156	37112	2	42
collection_full_00001.xml	29467770	67	reference_only	prob	probenecid	38466	38454	4	10
collection_full_00001.xml	29467770	67	reference_only	imipr	Imipramine	38672	38660	5	10
collection_full_00001.xml	29467770	67	reference_only	sir	siramesine	38713	38701	3	10
collection_full_00001.xml	29440657	15	system_only	ii	non-infected mice were examined by flow cytometry for F480+ macrophages	10790	10717	2	71
collection_full_00001.xml	29495967	47	system_only	CFA	incomplete Freund's adjuvant	18349	18319	3	28
collection_full_00001.xml	29495967	57	system_only	NIH	quantified using the ImageJ software	23076	23038	3	36
collection_full_00001.xml	29615866	20	reference_only	pons	plane; sections from the brainstem	10638	10602	4	34
collection_full_00001.xml	29615866	38	reference_only	cx	cortex	21550	21542	2	6
collection_full_00001.xml	29615866	38	reference_only	cb	cerebellum	21729	21717	2	10
collection_full_00001.xml	29543776	37	system_only	IL	inflammatory cytokines CXCL 12,	25597	25564	2	31
collection_full_00001.xml	29491163	14	system_only	CD45- GFP+	CD45-negative, green fluorescent protein (GFP)-positive	12910	12853	10	55
collection_full_00001.xml	29491163	28	system_only	Ifit1	Ifnalpha5, Ifnbeta1, and ISG	31408	31378	5	28
collection_full_00001.xml	29755398	11	system_only	FC	Log2FoldChange	8719	8703	2	14
collection_full_00001.xml	29755398	44	system_only	EP2	the Prostaglandin E2 receptor	25677	25646	3	29
collection_full_00001.xml	29755398	54	reference_only	core	cortex	34215	34207	4	6
collection_full_00001.xml	29739975	14	system_only	CFP	Cx3cr1-gfp mice (Fig. 1a) and oligodendrocytes	9271	9223	3	46
collection_full_00001.xml	29739975	14	system_only	YFP	oligodendrocytes (CFP), neurons	9286	9253	3	31
collection_full_00001.xml	29739975	16	reference_only	c	cerebellum	10609	10597	1	10
collection_full_00001.xml	29739975	18	system_only	NeuN	NeuN/YFP = 0.93	12531	12537	4	15
collection_full_00001.xml	29739975	46	reference_only	Em.	emission	35570	35560	3	8
collection_full_00001.xml	29739975	46	reference_only	Ex.	excitation	35591	35579	3	10
collection_full_00001.xml	29743549	14	system_only	HA	hrs after forming organoids with the 4 cell types	12271	12220	2	49
collection_full_00001.xml	29743549	36	system_only	HO	Human iPSC-derived oligodendrocytes progenitor cells	30536	30482	2	52
collection_full_00001.xml	29743549	36	system_only	HM	Human iPSC- derived microglia	31548	31517	2	29
collection_full_00001.xml	28961043	34	system_only	SE	gene-specific primers: for gp91, 5'-CCAACTGGGATAACGAGTTCA-3'	19660	19598	2	60
collection_full_00001.xml	28961043	34	system_only	AS	5'-CCAACTGGGATAACGAGTTCA-3' (SE) and 5'-GAGAGTTTCAGCCAAGGCTTC-3'	19697	19631	2	64
collection_full_00001.xml	28961043	34	system_only	AS	5'-TCCTACCCCCAATGTGTCC-3' (SE) and 5'-ACCTGGTCCTCAGTGTAGCC-3'	19857	19794	2	61
collection_full_00001.xml	29866203	37	system_only	TR	the following parameters: repetition time	18830	18787	2	41
collection_full_00001.xml	29954445	28	reference_only	a-c	tumor-associated microglia/macrophages	15138	15098	3	38
collection_full_00001.xml	29954445	32	reference_only	top	to principal component 1	20503	20477	3	24
collection_full_00001.xml	30005693	10	system_only	HS	with TLS	5633	5640	2	8
collection_full_00001.xml	30005693	15	system_only	DCX+	DCX positive cells	7806	7786	4	18
collection_full_00001.xml	30005693	20	system_only	IF	"Millipore Hertfordshire, UK	1:200"	13632	13597	2	33
collection_full_00001.xml	29906661	58	system_only	WT	Welch modification	30618	30643	2	18
collection_full_00001.xml	30089511	1	system_only	Ppt1-/-	Ppt1 deficient mice	611	590	7	19
collection_full_00001.xml	30089511	16	reference_only	Ara-C	astrocyte monolayer was treated with cytosine arabinoside	7537	7478	5	57
collection_full_00001.xml	30089511	20	system_only	Sigma	using 0.5 ml Accutase	9629	9606	5	21
collection_full_00001.xml	30089511	48	system_only	Fig. 2	following 24 h exposure to LPS and IFNgamma	21439	21394	6	43
collection_full_00001.xml	30140204	15	system_only	Olig	oligodendrocyte transcription factor	14386	14348	4	36
collection_full_00001.xml	29943193	55	reference_only	axon	axonal projection	21687	21668	4	17
collection_full_00001.xml	29943193	63	system_only	I-II	redistribution	26679	26663	4	14
collection_full_00001.xml	30185219	18	system_only	FAD	familial AD gene mutations	8361	8333	3	26
collection_full_00001.xml	30185219	39	reference_only	red	regulated genes	22926	22909	3	15
collection_full_00001.xml	30185219	45	system_only	Sparc	secreted protein acidic and rich in cysteine or osteonectin	28725	28664	5	59
collection_full_00001.xml	30180157	1	system_only	RNA-Seq	popularity of single-cell transcriptome sequencing	552	500	7	50
collection_full_00001.xml	30180157	32	reference_only	clusters	clusters, working from the leaves	14588	14553	8	33
collection_full_00001.xml	30326945	58	system_only	PD	comprised of three alpha-synucleinopathies	28892	28848	2	42
collection_full_00001.xml	30326945	59	system_only	PD	opposite trends of association in other alpha-synucleinopathies	29830	29765	2	63
collection_full_00001.xml	30347410	58	reference_only	ZT	Zeitgeber	35421	35410	2	9
collection_full_00001.xml	30442978	16	system_only	Fig. 2A	affinity against E22P-Abeta42 and E22P-Abeta9-35ox peptides	16781	16720	7	59
collection_full_00001.xml	30442978	58	system_only	Sigma	using o-phenylenediamine dihydrochloride substrate	54888	54836	5	50
collection_full_00001.xml	30463564	10	system_only	ROS	nitrogen species	2676	2658	3	16
collection_full_00001.xml	30463564	31	system_only	DsiRNA	standard scrambled dicer substrate RNA	14132	14092	6	38
collection_full_00001.xml	30463564	57	system_only	IKK KO	IKK2 KO astrocytes + WT microglia	29813	29778	6	33
collection_full_00001.xml	30463564	64	system_only	ACM	glia (GCM), astrocytes	36474	36450	3	22
collection_full_00001.xml	30463564	66	system_only	PI-positive	apoptotic (Annexin V-positive) and necrotic	38915	38870	11	43
collection_full_00001.xml	30463564	66	system_only	PI	apoptotic (Annexin V) and necrotic	39829	39793	2	34
collection_full_00001.xml	30463564	68	system_only	PI	apoptotic (Annexin V) and necrotic	41181	41145	2	34
collection_full_00001.xml	30463564	68	system_only	PI	apoptotic (Annexin V), necrotic	41465	41432	2	31
collection_full_00001.xml	30515459	12	system_only	STEM	brainstem	6096	6085	4	9
collection_full_00001.xml	30515459	22	system_only	STEM	brainstem	10457	10446	4	9
collection_full_00001.xml	30515459	23	system_only	STEM	brainstem	11787	11776	4	9
collection_full_00001.xml	30515459	35	system_only	AEA	AA-derived lipoamines either did not change or were upregulated	21714	21649	3	63
collection_full_00001.xml	30515459	39	system_only	STEM	brainstem	25032	25021	4	9
collection_full_00001.xml	30546301	4	system_only	Dong,	definition of non-overlapping structures in the AMBA	2272	2218	5	52
collection_full_00001.xml	30546301	60	reference_only	green	generated (blue) and counted	41820	41790	5	28
collection_full_00001.xml	30546301	66	system_only	Dong,	color-coded according to the Allen Brain Atlas	45613	45565	5	46
collection_full_00001.xml	30619100	52	system_only	muBS	immunohistochemistry in BrainSpheres with	29731	29688	4	41
collection_full_00001.xml	30622944	30	system_only	MN	mouse embryonic primary cells	18297	18315	2	29
collection_full_00001.xml	30618606	3	reference_only	E2	epsilon2	2646	2636	2	8
collection_full_00001.xml	30618606	3	reference_only	E3	epsilon3	2661	2651	2	8
collection_full_00001.xml	30618606	3	reference_only	E4	epsilon4	2680	2670	2	8
collection_full_00001.xml	30618606	21	reference_only	bicor	biweight mid-correlations	16962	16935	5	25
collection_full_00001.xml	30618606	37	reference_only	bicor	biweight midcorrelation	27655	27630	5	23
collection_full_00001.xml	30618606	40	reference_only	bicor	biweight midcorrelation	30906	30881	5	23
collection_full_00001.xml	30618606	43	reference_only	bicor	biweight midcorrelation	36430	36405	5	23
collection_full_00001.xml	30627639	27	reference_only	C	components	12262	12250	1	10
collection_full_00001.xml	30627639	30	system_only	d'''	segmented into separate objects	14710	14677	4	31
collection_full_00001.xml	30627639	37	reference_only	C	cell	17151	17145	1	4
collection_full_00001.xml	30666202	1	system_only	SorLA	sorting-related receptor with type-A repeats	169	123	5	44
collection_full_00001.xml	30666202	19	system_only	IL-6R	sIL-6R	14601	14608	5	6
collection_full_00001.xml	30666202	51	reference_only	PS	Prosaposin	34258	34246	2	10
collection_full_00001.xml	30666202	51	system_only	PS	proteins, Acid Sphingomyelinase (ASM) and Prosaposin	34258	34204	2	52
collection_full_00001.xml	30733664	34	system_only	CON	confounders while retaining age and disease as main discriminators	18464	18396	3	66
collection_full_00001.xml	30733664	42	system_only	ND	and gene, whereas the blue	27327	27299	2	26
collection_full_00001.xml	30733664	49	system_only	AD	and three neurodegenerative diseases	30435	30397	2	36
collection_full_00001.xml	30733664	51	system_only	AD	and three major neurodegenerative diseases	32163	32119	2	42
collection_full_00001.xml	30777091	2	system_only	TSPO	translocator protein 18 kDa	228	199	4	27
collection_full_00001.xml	30777091	11	system_only	TSPO	Translocator protein 18 kDa	3766	3737	4	27
collection_full_00001.xml	30777091	25	system_only	LS	cells were separated using large cell	13103	13064	2	37
collection_full_00001.xml	30777091	26	system_only	GCL	ganglion cell and outer plexiform layer	14686	14645	3	39
collection_full_00001.xml	30062819	84	reference_only	left	lesions from cases with RVCL	43051	43021	4	28
collection_full_00001.xml	30696113	5	system_only	TSPO	translocator protein 18 kDa	5826	5797	4	27
collection_full_00001.xml	30696113	10	reference_only	co	control	10827	10818	2	7
collection_full_00001.xml	30696113	137	reference_only	C	cortex	52365	52357	1	6
collection_full_00001.xml	30696113	142	reference_only	C	controls	56697	56687	1	8
collection_full_00001.xml	30856215	5	system_only	RB	regulated by the retinoblastoma tumor suppressor protein	3158	3100	2	56
collection_full_00001.xml	30856215	13	system_only	PFA	paraformaldehyde phosphate buffer solution	8713	8669	3	42
collection_full_00001.xml	30856215	22	reference_only	MOPS	3-(N-morpholino)-propanesulfonic acid	15998	15959	4	37
collection_full_00001.xml	30856215	84	system_only	BgaD	beta-galactosidase from Bacillus circulans ATCC 31382	36420	36365	4	53
collection_full_00001.xml	30867424	13	system_only	h:min	peripheral inflammation, PMD post-mortem delay	6566	6518	5	46
collection_full_00001.xml	30867424	74	system_only	ME	module representative principal component	53023	52980	2	41
collection_full_00001.xml	30867424	81	system_only	TBS	Tris-buffered saline, pH 7.6	56465	56435	3	28
collection_full_00001.xml	30867424	83	system_only	TBS-T	TBS with 0.05% Tween-20	57700	57675	5	23
collection_full_00001.xml	30886214	25	reference_only	c,d	calculated with	22770	22753	3	15
collection_full_00001.xml	30886214	52	system_only	Bern	obtained from Blutspendedienst	37981	37949	4	30
collection_full_00001.xml	31016231	47	system_only	GWASs	GWAS datasets below	36472	36483	5	19
collection_full_00001.xml	30680794	6	system_only	TRIF	Toll/interleukin-1 receptor domain-containing adapter inducing interferon-beta	4859	4779	4	78
collection_full_00001.xml	30680794	53	system_only	II	Diagnostics	27739	27752	2	11
collection_full_00001.xml	30680794	62	system_only	VPM	ventral posteromedial nucleus of the thalamus	31384	31337	3	45
collection_full_00001.xml	30680794	62	system_only	Po	posterior nucleus of the thalamus	31432	31397	2	33
collection_full_00001.xml	30680794	79	system_only	iNOS	Il1b and, to a lesser extent, Nos2	42131	42095	4	34
collection_full_00001.xml	30680794	91	reference_only	fim	fimbria	53281	53272	3	7
collection_full_00001.xml	31143190	16	system_only	NA	naive exposed to AR-R17779	9285	9257	2	26
collection_full_00001.xml	31143190	27	system_only	Ctrl	control and three treatment groups	13958	13922	4	34
collection_full_00001.xml	31143190	30	system_only	Ctrl	control and three treatment groups	14863	14827	4	34
collection_full_00001.xml	31143190	57	system_only	A10	antagonist (B100) or agonist	23956	23926	3	28
collection_full_00001.xml	31103036	23	system_only	LPS	lipopolysaccharide from Escherichia coli O55:B5	10762	10713	3	47
collection_full_00001.xml	31118110	45	system_only	Fig. 1c	GFAP or microglial marker Iba1, respectively	25387	25341	7	44
collection_full_00001.xml	31015277	45	system_only	NLRs	intracellular, as with the nucleotide-binding domain and leucine-rich repeat-containing receptors	6315	6216	4	97
collection_full_00001.xml	31015277	50	reference_only	ASC	a caspase recruitment domain	9746	9716	3	28
collection_full_00001.xml	31015277	50	system_only	ASC	apoptosis-associated speck-like protein containing a caspase recruitment domain	9746	9665	3	79
collection_full_00001.xml	31214167	14	reference_only	TASTPM	TAS10 x TPM AD mouse models	9317	9325	6	27
collection_full_00001.xml	31214167	21	system_only	Data	additional details	13951	13977	4	18
collection_full_00001.xml	31060314	3	reference_only	Se	selenium	2419	2409	2	8
collection_full_00001.xml	31060314	3	system_only	Se	specific expression of selenium	2419	2386	2	31
collection_full_00001.xml	31121957	99	system_only	ii	is negative (#); and	36776	36754	2	20
collection_full_00001.xml	30485540	63	reference_only	tg	Tg2576 mice	22194	22181	2	11
collection_full_00001.xml	31240317	7	system_only	Age	range	4668	4673	3	5
collection_full_00002.xml	31263706	38	reference_only	HPETE	15-(S)-hydroperoxyeicosatetraenoic acids	18381	18339	5	40
collection_full_00002.xml	31263706	38	system_only	HPETE	-hydroperoxyeicosatetraenoic acids	18381	18345	5	34
collection_full_00002.xml	31263706	41	system_only	ii	triggering Frank-Starling mechanism;	22013	21975	2	36
collection_full_00002.xml	31275108	3	system_only	Abeta	are beta-amyloid plaques, composed of extracellular aggregates of the beta-amyloid	2169	2085	5	82
collection_full_00002.xml	31275108	15	system_only	IGF1R	insulin-like growth factor 1 (IGF1) receptor	11311	11265	5	44
collection_full_00002.xml	31312118	22	system_only	APP	amyloid-beta peptide or fragments of its precursor protein	11738	11678	3	58
collection_full_00002.xml	31338163	20	system_only	Oct4	Oct3/4 or Pou5f1	10874	10892	4	16
collection_full_00002.xml	31261683	46	system_only	NHMRC	National Health and Medical Research Council of Australia	33255	33196	5	57
collection_full_00002.xml	31261683	165	system_only	TSPO	translocator protein 18 kDa	46640	46611	4	27
collection_full_00002.xml	31261683	175	reference_only	R,S	Radiosynthesis of	47961	47942	3	17
collection_full_00002.xml	31261683	175	system_only	TSPO	Translocator Protein 18 kDa	48047	48018	4	27
collection_full_00002.xml	31358844	1	system_only	CIE	chronic intermittent ethanol vapor exposure	699	654	3	43
collection_full_00002.xml	31358844	6	system_only	CIE	chronic intermittent ethanol vapor exposure	4136	4091	3	43
collection_full_00002.xml	31358844	10	system_only	CIE	Chronic intermittent ethanol vapor exposure	5961	5916	3	43
collection_full_00002.xml	31399126	13	system_only	RNA-seq	snuclRNA-seq	4357	4366	7	12
collection_full_00002.xml	31399126	28	system_only	nUMI	number of unique molecular identifiers detected in each cell	11863	11875	4	60
collection_full_00002.xml	31440141	20	system_only	II	Dickinson	12320	12331	2	9
collection_full_00002.xml	31440141	41	system_only	HFE	the Interferon gamma (IFNgamma) pathways	20700	20658	3	40
collection_full_00002.xml	31440141	55	system_only	CLU	including	29248	29237	3	9
collection_full_00002.xml	31440141	66	system_only	TNF	association of 82 out of 102 genes	33894	33906	3	34
collection_full_00002.xml	31440141	74	system_only	TNF	the relative expression of three upregulated genes including	38899	38837	3	60
collection_full_00002.xml	31451701	15	reference_only	red	RNAscope of DKK1	12372	12354	3	16
collection_full_00002.xml	31451701	15	system_only	A-A'	colocalization with SLC1A2	12141	12113	4	26
collection_full_00002.xml	31451701	19	reference_only	C	control	15815	15806	1	7
collection_full_00002.xml	31451701	19	reference_only	C	control	15973	15964	1	7
collection_full_00002.xml	31371457	14	reference_only	DNA	dsDNA	7896	7939	3	5
collection_full_00002.xml	31371457	33	system_only	BD	incubated with 1:200 Mouse Fc Block	18656	18619	2	35
collection_full_00002.xml	31371457	66	system_only	tdT+IBA1+	tdTomato+IBA1+ double-positive microglia	44243	44201	9	40
collection_full_00002.xml	31371457	67	reference_only	i.p	intraperitoneally	45460	45441	3	17
collection_full_00002.xml	31483780	49	reference_only	CB>PB	CB and PB-CD14+ cells	25946	25923	5	21
collection_full_00002.xml	31492955	41	system_only	DMEM/F2	Dulbecco's Modified Eagle Medium F-12 Nutrient Mixture	34285	34229	7	54
collection_full_00002.xml	31492955	44	system_only	LC	Agilent Technologies	35858	35862	2	20
collection_full_00002.xml	31552031	49	system_only	ALT	analyzed, respectively in mouse astrocytoma	25439	25394	3	43
collection_full_00002.xml	31649496	20	reference_only	Bio-Rad	by using CFX96 Touch Real-Time PCR Detection System	11903	11850	7	51
collection_full_00002.xml	31649496	37	system_only	s-or	stratum oriens of hippocampus	23309	23278	4	29
collection_full_00002.xml	31623648	225	reference_only	apo	Apolipoprotein	93889	93873	3	14
collection_full_00002.xml	31578247	45	reference_only	DBT	Department of Biotechnology	41015	40986	3	27
collection_full_00002.xml	31578247	53	system_only	Exiqon	Exiqon) or inhibitors (single-stranded modified RNAs	43743	43689	6	52
collection_full_00002.xml	31578247	60	reference_only	diameter	distributions, measures derived from the distance matrix	46875	46817	8	56
collection_full_00002.xml	31681469	12	system_only	aRGCs	primary progenitor cells	8084	8058	5	24
collection_full_00002.xml	31626642	10	reference_only	top	Time line of key developmental milestones	7642	7599	3	41
collection_full_00002.xml	31626642	46	reference_only	arrows	astrocyte debris localizes within PDGFRalpha+ astrocyte processes	36587	36520	6	65
collection_full_00002.xml	31626642	79	reference_only	CD-1	Crl:CD1(ICR)	62328	62334	4	12
collection_full_00002.xml	31626642	79	system_only	Itgam-/-	Itgamtm1Myd	62844	62853	8	11
collection_full_00002.xml	31626642	79	system_only	Mertk-/-	Mertktm1Grl	62896	62905	8	11
collection_full_00002.xml	31626642	81	system_only	Csf1r-/-	Csf1r null mutants	64599	64579	8	18
collection_full_00002.xml	31626642	107	system_only	NT	remain at the end of the death process	79957	79917	2	38
collection_full_00002.xml	31626642	107	system_only	Dn	dying on a given day	80179	80157	2	20
collection_full_00002.xml	31736699	8	reference_only	puro	puromycin-N-acetyl transferase	9842	9810	4	30
collection_full_00002.xml	31736699	54	system_only	NPCs	oligodendrocyte progenitor cells, whereas earlier progenitors	52119	52056	4	61
collection_full_00002.xml	31690344	24	system_only	Fas	Fas/TNF receptor superfamily member 6	9722	9683	3	37
collection_full_00002.xml	31771614	7	system_only	ASC	apoptotic speck containing protein with a CARD	5089	5094	3	46
collection_full_00002.xml	31771614	8	system_only	Abeta	extracellular beta-amyloid	5722	5694	5	26
collection_full_00002.xml	31771614	11	reference_only	PYD	Pyrin signaling domain	7521	7497	3	22
collection_full_00002.xml	31791351	16	reference_only	MyD88(-/-)	Myd88tm1Aki	7208	7220	10	11
collection_full_00002.xml	31791351	34	reference_only	pan	primary antibodies; Akt	16136	16111	3	23
collection_full_00002.xml	31920510	8	system_only	DfM	defined media without insulin	8176	8145	3	29
collection_full_00002.xml	31920510	26	system_only	Bio Rad	Bio-Rad C1000 thermal cycler	15204	15174	7	28
collection_full_00002.xml	31920510	161	system_only	NF- H	Phosphorylation of the high molecular weight neurofilament protein	52896	52828	5	66
collection_full_00002.xml	31883525	38	system_only	TBST	Tris-buffered saline supplemented by 0.1% Tween 20	15759	15765	4	50
collection_full_00002.xml	31883525	40	system_only	PBST	PBS containing 0.1% triton	16477	16449	4	26
collection_full_00002.xml	32116486	17	system_only	Ct	concentration of the target gene	14368	14334	2	32
collection_full_00002.xml	32060346	74	system_only	US	Use of Laboratory Animals of the National Research Council	57294	57234	2	58
collection_full_00002.xml	31951107	13	reference_only	TG	transgenic	6965	6953	2	10
collection_full_00002.xml	31951107	13	system_only	TG	the genotype comparison, mRNA expression in all transgenic	6965	6905	2	58
collection_full_00002.xml	31951107	22	system_only	TAUtg	the graph; downregulated genes are on the left part	9717	9664	5	51
collection_full_00002.xml	31951107	28	system_only	"P
bonf"	P-values are Bonferroni-adjusted	15430	15396	6	32
collection_full_00002.xml	31951107	81	system_only	ASC	apoptosis-associated speck-like protein containing C-terminal caspase recruitment domain	49272	49182	3	88
collection_full_00002.xml	31951107	117	reference_only	WT-4M	when compared to the 4M wild-type	70834	70799	5	33
collection_full_00002.xml	32143686	10	reference_only	CA	capsid protein	2347	2331	2	14
collection_full_00002.xml	32143686	10	system_only	CA	contains approximately 1500 monomers of the viral capsid protein	2347	2281	2	64
collection_full_00002.xml	31734880	41	system_only	Sirt3	sirtuins 3, 4, and 5	21497	21475	5	20
collection_full_00002.xml	31734880	43	system_only	Sdha	succinate dehydrogenase complex, subunit A flavoprotein	22753	22696	4	55
collection_full_00002.xml	31734880	45	system_only	Dnm1l	dynamin 1-like, also known as DRP1	24644	24608	5	34
collection_full_00002.xml	31734880	50	reference_only	PARP1	poly(ADP-ribose) polymerase-1	27583	27552	5	29
collection_full_00002.xml	31846124	25	reference_only	might	microglia subpopulations that	21889	21858	5	29
collection_full_00002.xml	31846124	40	system_only	DEC	and Use Committee	30246	30227	3	17
collection_full_00002.xml	32023844	4	system_only	Treg	TGFbeta-induced regulatory T cells	3643	3607	4	34
collection_full_00002.xml	32125278	44	system_only	AD	and 95% in excitatory neurons	19781	19803	2	29
collection_full_00002.xml	32125278	47	reference_only	AD	3xTg-AD mice	21942	21956	2	12
collection_full_00002.xml	32125278	64	system_only	MO	combining across all of the oligodendrocyte sub-types	33140	33085	2	53
collection_full_00002.xml	32125278	67	system_only	Illumina	Illumina's Truseq RNA Sample Preparation Kit v2	34835	34786	8	47
collection_full_00002.xml	32125278	74	system_only	CPM	Counts Per Million Total reads	37575	37585	3	30
collection_full_00002.xml	32265666	16	system_only	PBST	PBS containing 0.5% Triton X-100	11517	11483	4	32
collection_full_00002.xml	32265666	46	reference_only	red	down-regulated	37809	37793	3	14
collection_full_00002.xml	32265666	51	system_only	Cd4	CD4+ helper T cells	42634	42613	3	19
collection_full_00002.xml	32265666	58	system_only	II	in Uninjected	47729	47739	2	13
collection_full_00002.xml	32221280	25	system_only	iPS MG	including hiPSC-derived microglia cultured under 2-dimensional (2D) conditions	28927	28847	6	78
collection_full_00002.xml	32221280	28	system_only	iPS MG	hiPSC-derived microglia cultured under 2-dimensional (2D) conditions	35939	35869	6	68
collection_full_00002.xml	32221280	36	reference_only	w/o	without	44758	44749	3	7
collection_full_00002.xml	32221280	36	reference_only	w/o	without	44962	44953	3	7
collection_full_00002.xml	32221280	36	reference_only	w/o	without	45277	45268	3	7
collection_full_00002.xml	32221280	36	reference_only	w/o	without	45481	45472	3	7
collection_full_00002.xml	32221280	58	system_only	ref.	reference human genome (hg38) using HISAT2	64708	64664	4	42
collection_full_00002.xml	32303185	31	system_only	SE	standard error of the mean	13536	13508	2	26
collection_full_00002.xml	32303185	73	reference_only	PARP-1	Poly(ADP-Ribose) Polymerase-1	32592	32561	6	29
collection_full_00002.xml	32357908	28	system_only	Abcam	a biotinylated polyclonal rabbit anti-human IFN-beta detection antibody	14099	14026	5	71
collection_full_00002.xml	32357908	30	reference_only	Pam3Cys	Pam3Cys-Ser-(Lys)4	14752	14732	7	18
collection_full_00002.xml	32357908	36	system_only	RIG-I	alphaRIG-I	17205	17212	5	10
collection_full_00002.xml	32357908	55	system_only	RIG-I	alphaRIG-I	28908	28915	5	10
collection_full_00002.xml	32357908	62	system_only	RIG-I	alphaRIG-I	34227	34234	5	10
collection_full_00002.xml	32252470	3	reference_only	PET	positron emission tomography	2101	2071	3	28
collection_full_00002.xml	32252470	31	system_only	CG	incurable neurodegenerative disease caused by trinucleotide repeat	24363	24295	2	66
collection_full_00002.xml	32252470	35	system_only	DBZ	DISC1-binding zinc finger protein	27534	27499	3	33
collection_full_00002.xml	32252470	63	system_only	18F-VUIIS1008	2-18F-VUIIS1008 99 N-diethylacetamide	56800	56761	13	37
collection_full_00002.xml	32252470	94	system_only	TSPO	Translocator protein 18 kDa	68358	68329	4	27
collection_full_00002.xml	32252470	249	system_only	TSPO	Translocator Protein 18 kDa	82791	82762	4	27
collection_full_00002.xml	32252470	255	system_only	TSPO	Translocator protein 18 kDa	83595	83566	4	27
collection_full_00002.xml	32449994	16	system_only	S510-518	acids 510-518	9616	9601	8	13
collection_full_00002.xml	32449994	22	reference_only	Smith	sheaths are abnormally thin for the axons they surround	13318	13261	5	55
collection_full_00002.xml	32449994	30	reference_only	neuts	neutrophils	19140	19127	5	11
collection_full_00002.xml	32449994	38	reference_only	PD-1	Pdcd1	25207	25213	4	5
collection_full_00002.xml	32449994	38	system_only	Pdcd1	programmed cell death 1, PD-1	25213	25182	5	29
collection_full_00002.xml	32449994	50	system_only	IFN-I	secretion of anti-viral cytokines for example, type I interferon	41252	41186	5	64
collection_full_00002.xml	32582162	3	reference_only	Abeta	aggregated neurotoxic beta-amyloid peptide	2130	2086	5	42
collection_full_00002.xml	32582162	31	system_only	Sigma	restimulated with 50 ng/ml PMA	14712	14680	5	30
collection_full_00002.xml	32582162	41	reference_only	scr	scrambled	19418	19407	3	9
collection_full_00002.xml	32582162	52	reference_only	adjp	adjusted p-value	23498	23480	4	16
collection_full_00002.xml	32582162	64	reference_only	int	intermediate	30453	30439	3	12
collection_full_00002.xml	32582162	77	reference_only	scr	scrambled	40397	40386	3	9
collection_full_00002.xml	32582162	79	reference_only	scr	scrambled	42330	42319	3	9
collection_full_00002.xml	32582162	86	reference_only	scr	scrambled	46394	46383	3	9
collection_full_00002.xml	32379325	37	system_only	dsRNA	including response to external stimuli	18801	18761	5	38
collection_full_00002.xml	32516892	6	reference_only	SOD	superoxide dismutase	3722	3700	3	20
collection_full_00002.xml	32516892	6	system_only	SOD	spontaneous or superoxide dismutase	3722	3685	3	35
collection_full_00002.xml	32516892	6	system_only	ROS	hypochlorous acid	3942	3947	3	17
collection_full_00002.xml	32516892	14	system_only	GSSG	GSH is regenerated from its oxidized form	13166	13123	4	41
collection_full_00002.xml	32516892	275	reference_only	NF-kappaB	nuclear factor kappa-light-chain-enhancer of activated B cells	60387	60398	9	62
collection_full_00002.xml	32727516	10	system_only	PI	phosphoinositide binding module	1982	1949	2	31
collection_full_00002.xml	32727516	10	system_only	CLAP	clathrin and AP2 binding domain	2020	1987	4	31
collection_full_00002.xml	32727516	40	system_only	Waters	was quantitatively transferred to a low retention LC vial	20727	20668	6	57
collection_full_00002.xml	32727516	42	system_only	Rainin	format using Epmotion 5075 TMX (Eppendorf) and Liquidator96	22203	22142	6	59
collection_full_00002.xml	32771067	1	reference_only	APP-PS1	APP Swedish PS1 dE9	806	785	7	19
collection_full_00002.xml	32771067	43	reference_only	white	with some Iba1 positive microglia	25026	24991	5	33
collection_full_00002.xml	32583282	17	system_only	D-PBS	washed with phosphate-buffered saline	7274	7235	5	37
collection_full_00002.xml	32610143	31	system_only	DAM	neurodegeneration-related module	20777	20782	3	32
collection_full_00002.xml	32610143	39	system_only	APOE	another possible simi-laritybetweenDAMandHAMprofilescouldbetheinvolvementof lipid/lysosomal biology-associated genes.Several genesassoci-ated with AD incidence	27734	27573	4	159
collection_full_00002.xml	32610143	52	system_only	III	median II	30882	30887	3	9
collection_full_00002.xml	32610143	67	system_only	Illumina	Illumina's TruSeq RNA Sample Preparation Kit v2	38846	38797	8	47
collection_full_00002.xml	32610143	163	system_only	nRPKM	normalized reads per kilobase gene model per million total reads	58753	58687	5	64
collection_full_00002.xml	32731618	16	system_only	Gdf10	growth differentiation factor 10 or bone morphogenetic protein 3B	15198	15205	5	65
collection_full_00002.xml	32731618	171	system_only	Apoe	PCA plots showing expression level of microglial activation markers	62865	62796	4	67
collection_full_00002.xml	32885037	265	system_only	D-FIS	disease: the fatigue impact scale for daily use	57994	57945	5	47
collection_full_00002.xml	32826893	15	system_only	Immune	autoimmune diseases	9360	9339	6	19
collection_full_00002.xml	32717933	37	system_only	MH	from each group	14204	14187	2	15
collection_full_00002.xml	32717933	109	system_only	C,F	collagenous fibrils of membrane indicated by black arrow and;	34471	34408	3	61
collection_full_00002.xml	32933545	22	reference_only	cm/s	camera, and parameters including speed	10712	10672	4	38
collection_full_00002.xml	32933545	30	system_only	PBST	phosphate-buffered saline with 0.2% of Tween-20	13884	13890	4	47
collection_full_00002.xml	32933545	36	system_only	Pr	Pearson's correlation coefficient	18080	18045	2	33
collection_full_00002.xml	32938988	10	reference_only	C	culture	7849	7840	1	7
collection_full_00002.xml	32938988	51	system_only	NS	replenished with NPC media only	49630	49597	2	31
collection_full_00002.xml	33013322	78	system_only	Akt	v-AKT murine thymoma viral oncogene homolog	54963	54968	3	43
collection_full_00002.xml	33013322	149	system_only	Abeta	ligands or beta-amyloid	80024	79999	5	23
collection_full_00002.xml	32856125	60	system_only	SPF	"SPF, LPS	- 1.72	0.363		a	 	LCMV vs PBS"	35771	35731	3	38
collection_full_00002.xml	32960170	3	system_only	PrPC	PrPSc, pathological aggregates of the cellular prion protein	1357	1295	4	60
collection_full_00002.xml	32960170	10	reference_only	ctrl	control	5779	5770	4	7
collection_full_00002.xml	32960170	10	reference_only	c	cortex	6262	6254	1	6
collection_full_00002.xml	32960170	12	reference_only	ctrl	control	6873	6864	4	7
collection_full_00002.xml	32960170	38	reference_only	ctrl	control	25490	25481	4	7
collection_full_00002.xml	32960170	40	reference_only	ctrl	control	26016	26007	4	7
collection_full_00002.xml	32960170	52	reference_only	ctrl	control	32439	32430	4	7
collection_full_00002.xml	32960170	60	reference_only	ctrl	control	37636	37627	4	7
collection_full_00002.xml	32960170	62	reference_only	ctrl	control	39497	39488	4	7
collection_full_00002.xml	33133060	37	reference_only	daily	Demographic variables and antipsychotic exposure	22500	22450	5	48
collection_full_00002.xml	33045064	18	system_only	SEM	Dunn's multiple comparisons test at DPI20	14597	14627	3	41
collection_full_00002.xml	33045064	32	system_only	GRIP1	GRIP1-cKO mice that mapped to Ncoa2	28708	28671	5	35
collection_full_00002.xml	33045064	41	system_only	SEM	Dunn's multiple comparisons test at DPI20	39843	39873	3	41
collection_full_00002.xml	32962164	3	reference_only	Tau	p-Tau	1936	1941	3	5
collection_full_00002.xml	32962164	3	system_only	p-Tau	peptides and hyperphosphorylated Tau	1941	1903	5	36
collection_full_00002.xml	32962164	311	system_only	ReNcell	immortalized human neural stem cell line	127243	127201	7	40
collection_full_00002.xml	32962164	311	system_only	DAPT	"induced Tau pathology	Beta-secretase inhibitors"	127564	127515	4	47
collection_full_00002.xml	32962164	311	system_only	ReNcell	immortalized human neural stem cell line	127748	127706	7	40
collection_full_00002.xml	32962164	311	system_only	ReNcell	immortalized human neural stem cell line	127802	127760	7	40
collection_full_00002.xml	32962164	311	system_only	ReNcell	Immortalized human neural stem cell line	129767	129725	7	40
collection_full_00002.xml	32962164	311	system_only	ReNcell	"iPSC-derived neural cells	Immortalized human neural stem cell line"	129889	129821	7	66
collection_full_00002.xml	32962164	311	system_only	ReNcell	Immortalized human neural stem cell line	130356	130314	7	40
collection_full_00002.xml	32962164	311	system_only	ReNcell	Immortalized human neural stem cell line	130407	130365	7	40
collection_full_00002.xml	32954517	68	reference_only	B1	BACE1	39069	39062	2	5
collection_full_00002.xml	32954517	69	reference_only	ctr	control	39808	39799	3	7
collection_full_00002.xml	32954517	77	reference_only	hip	hippocampus	43098	43085	3	11
collection_full_00002.xml	32954517	77	reference_only	ctx	cortex	43128	43120	3	6
collection_full_00002.xml	32839410	147	system_only	TSPO	Translocator Protein of 18 kDa	52951	52919	4	30
collection_full_00002.xml	32839410	259	system_only	A,C	A positive correlation was observed in the dorsal hippocampus	68077	68014	3	61
collection_full_00002.xml	32839410	261	system_only	HC	HC-A+	68629	68635	2	5
collection_full_00002.xml	32839410	261	system_only	MCI	MCI-A+	70901	70908	3	6
collection_full_00002.xml	32839410	261	system_only	AD	AD-A+	71458	71464	2	5
collection_full_00002.xml	33059703	10	system_only	DIO	double-inverted open reading frame	2560	2524	3	34
collection_full_00002.xml	33059703	17	system_only	DIO	double-inverted open reading frame	5338	5302	3	34
collection_full_00002.xml	33059703	76	reference_only	tTA	tetracycline-controlled transactivator	44212	44172	3	38
collection_full_00002.xml	33059703	76	system_only	tTA	then binds to a tetracycline-controlled transactivator	44212	44156	3	54
collection_full_00002.xml	33122991	6	system_only	AM	acetoxymethyl or acetate ester	5686	5654	2	30
collection_full_00002.xml	33122991	36	system_only	SERCA	sarco/endoplasmic reticulum (SR/ER) Ca2+-ATPase	35391	35342	5	47
collection_full_00002.xml	33097708	48	reference_only	red	Fura-Red	31252	31242	3	8
collection_full_00002.xml	33097708	50	system_only	WT	was significantly lower in TREM2 knockout microglia	34500	34447	2	51
collection_full_00002.xml	33097708	95	system_only	TBS	the membrane was blocked with Intercept	65320	65279	3	39
collection_full_00002.xml	33097708	95	system_only	LI-COR	blocked with Intercept (TBS) Blocking Buffer	65342	65296	6	44
collection_full_00002.xml	33097708	118	system_only	II	Biosciences	77344	77351	2	11
collection_full_00002.xml	33054973	8	system_only	D2	diet for 2 days after PLX treatment	5864	5827	2	35
collection_full_00002.xml	33054973	255	system_only	D2	diet for 2 days after PLX treatment	83872	83835	2	35
collection_full_00002.xml	33149216	169	reference_only	GO	https://www.ncbi.nlm.nih.gov/snp, REMC: http://www.roadmapepigenomics.org, MSigDB	85634	85551	2	81
collection_full_00002.xml	33192286	3	system_only	Abeta	characterized by extracellular deposition of beta-amyloid protein	1012	945	5	65
collection_full_00002.xml	33192286	28	system_only	CTR	"factor ""Donor Group"""	20377	20355	3	20
collection_full_00002.xml	33192286	37	system_only	CTR+	CTR With Plaques	29265	29247	4	16
collection_full_00002.xml	33177572	25	reference_only	C	core	17425	17419	1	4
collection_full_00002.xml	33209963	19	system_only	AAV-B	AAV8-Best1-sCX3CL1 (AAV-A, green) and AAV8-CMV-GFP	12027	11975	5	50
collection_full_00002.xml	33209963	23	reference_only	C	cells	13968	13961	1	5
collection_full_00002.xml	33209963	33	reference_only	D	days	20429	20423	1	4
collection_full_00002.xml	33183319	52	system_only	Fig	of microglial Ifnar1	29750	29728	3	20
collection_full_00002.xml	33114694	8	reference_only	MD4	MD at 4  C	5595	5583	3	10
collection_full_00002.xml	33114694	8	reference_only	ED37	ED at 37  C	5619	5606	4	11
collection_full_00002.xml	33114694	9	reference_only	ED37	ED at 37  C	5941	5928	4	11
collection_full_00002.xml	33114694	9	reference_only	MD4	MD at 4  C	5963	5951	3	10
collection_full_00002.xml	33114694	69	system_only	BD	permeabilized with Cytofix/Cytoperm	47679	47642	2	35
collection_full_00002.xml	33114694	123	reference_only	red	relative to MD4	56691	56673	3	15
collection_full_00002.xml	33187533	18	reference_only	Cx3cr1creER	B6.129P2(C)-Cx3cr1tm2.1(cre/ERT2)Jung/J	6710	6723	11	39
collection_full_00002.xml	33187533	47	reference_only	MacGFP	macrophages, we generated Cx3cr1CreER/+; Rosa26zsGFP/+ mice	24972	24911	6	59
collection_full_00002.xml	33190638	62	system_only	AEA	arrowheads on Fig. e	26424	26429	3	20
collection_full_00002.xml	33199725	47	system_only	P2X7-EGFP	Tg(RP24-114E20P2X7451P-StrepHis-EGFP)17Ani	39674	39630	9	42
collection_full_00002.xml	33199725	54	system_only	TBS	the membranes blocked in Intercept	44547	44511	3	34
collection_full_00002.xml	33199725	60	system_only	Biotium	Everbrite Mounting Medium	48057	48030	7	25
collection_full_00002.xml	33214681	87	system_only	CH	each CpG and non-CpG	73605	73583	2	20
collection_full_00002.xml	33214681	100	reference_only	S.E.M.	standard error of the mean	85550	85558	6	26
collection_full_00002.xml	33187113	33	system_only	iC3b	active C3b with no evidence of other cleavage products	19629	19573	4	54
collection_full_00002.xml	33187113	46	system_only	LS	retinal suspension using large cell	28187	28150	2	35
collection_full_00002.xml	33187113	48	system_only	NAD+	normalized to the expression of isocitrate dehydrogenase 3	30160	30100	4	58
collection_full_00002.xml	33187113	48	system_only	idh3b	isocitrate dehydrogenase 3 (NAD+) beta	30172	30132	5	38
collection_full_00002.xml	33187113	113	reference_only	PDHB	Pyruvate dehydrogenase E1 subunit beta	42617	42577	4	38
collection_full_00002.xml	33257666	21	system_only	TLE	autopsy samples versus the TNC	17663	17631	3	30
collection_full_00002.xml	33257666	46	system_only	AD	amyloid or tau	46681	46685	2	14
collection_full_00002.xml	33257666	63	system_only	ROS	prospective studies, participants have to be at least 53	59863	59805	3	56
collection_full_00002.xml	33257666	69	system_only	R1	read 1 primer sequence	64854	64858	2	22
collection_full_00002.xml	33257666	69	system_only	R2	read 2 primer sequence	64960	64964	2	22
collection_full_00002.xml	33272299	33	system_only	IBA	ionized calcium-binding adaptor molecule 1	16774	16730	3	42
collection_full_00002.xml	33311571	23	system_only	AD	a dashed red line	20669	20699	2	17
collection_full_00002.xml	33311571	43	system_only	AIBL	Australian Imaging, Biomarker & Lifestyle Flagship Study of Ageing	39870	39802	4	66
collection_full_00002.xml	33311571	65	system_only	HC	the effect of clinical diagnosis	50714	50680	2	32
collection_full_00002.xml	33311571	65	system_only	AD	compared with MCI	51180	51184	2	17
collection_full_00002.xml	33311571	65	system_only	AD	compared with HC	51204	51208	2	16
collection_full_00002.xml	33311571	80	system_only	AIBL	Australian Imaging Biomarkers and Lifestyle flagship study of ageing	54970	54900	4	68
collection_full_00002.xml	33363542	10	system_only	Cre-ER	Mice expressing Cre-recombinase	12449	12416	6	31
collection_full_00002.xml	33363542	32	reference_only	DCs	DC or moDCs	33622	33644	3	11
collection_full_00002.xml	33377084	49	system_only	iNeuron	hiPSC-derived neuron	5624	5602	7	20
collection_full_00002.xml	33377084	87	system_only	100x	"100x	1x	1 mL	 	Glucose/sodium pyruvate mixture"	13899	13851	4	46
collection_full_00002.xml	33380900	15	system_only	CA	cell line was purchased from ScienCell	6250	6210	2	38
collection_full_00002.xml	33371336	22	system_only	DSE	depolarization-induced suppression of inhibition (DSI) and excitation	20898	20827	3	69
collection_full_00002.xml	33371336	35	system_only	ESCs	the constructs into murine (strain 129) embryonic cells	30740	30683	4	55
collection_full_00002.xml	33408717	32	reference_only	Figure 1A	Finally, we got 43 up-regulated genes and 21 down-regulated genes	9386	9318	9	65
collection_full_00002.xml	33441545	4	system_only	LBs	Lewy bodies, Luria-Bertani medium	2581	2546	3	33
collection_full_00002.xml	33441545	74	reference_only	MultiPark	Multidisciplinary research on Parkinson's disease	43732	43743	9	49
collection_full_00002.xml	33466322	11	reference_only	C	concentrations	5681	5703	1	14
collection_full_00002.xml	33466322	33	system_only	I-IV	descriptive reasons, we divided astrocytes into four types	17914	17854	4	58
collection_full_00002.xml	33466322	37	system_only	III	ganglioglioma in hippocampus	20457	20462	3	28
collection_full_00002.xml	33466322	46	system_only	e.g.,	studies, using other anti-Rab6 antibodies or fluorescent fusion proteins	25667	25593	5	72
collection_full_00002.xml	33466322	149	reference_only	hif	hippocampal fissure	41028	41007	3	19
collection_full_00002.xml	33466322	149	system_only	A,C,E	reacted without primary antibody	40756	40722	5	32
collection_full_00002.xml	33505247	69	reference_only	SO'C	Spinal Cord Injury Research Trust	66043	66008	4	33
collection_full_00002.xml	33514394	14	system_only	ASD	brain disorder, such as the autism	7158	7122	3	34
collection_full_00002.xml	33514394	45	system_only	AAD	and downregulated genes for alcoholism	41186	41146	3	38
collection_full_00002.xml	33514394	45	system_only	ASD	alcoholism (AAD), autism	41200	41174	3	24
collection_full_00002.xml	33514394	51	system_only	ASD	bipolar disorder (BD), autism	47333	47302	3	29
collection_full_00002.xml	33514394	74	system_only	AD	associated with Alzheimer's	69415	69386	2	27
collection_full_00002.xml	33584716	13	system_only	Bio-Rad	Blue 700 anti-rabbit (1:5,000) secondary antibodies	9553	9500	7	51
collection_full_00002.xml	33030232	7	system_only	A/T	are referred to as risk	7077	7052	3	23
collection_full_00002.xml	33030232	19	system_only	Sdha	succinate dehydrogenase complex subunit A	16122	16079	4	41
collection_full_00002.xml	33030232	39	system_only	A/T	attributable to a significant difference between the risk	28658	28599	3	57
collection_full_00002.xml	33030232	53	system_only	A/T	as to whether the risk	42707	42683	3	22
collection_full_00002.xml	33608526	14	reference_only	MG	microglial clusters	8596	8575	2	19
collection_full_00002.xml	33608526	14	system_only	MG	meaning of gene expression underlying microglial clusters	8596	8537	2	57
collection_full_00002.xml	33608526	25	system_only	intMoMPhi	into Ly6c2highCcr2high Mo and Ly6c2highTgfbihigh monocyte/macrophage intermediate cells	19621	19532	9	87
collection_full_00002.xml	33608526	27	system_only	ref.	recently proposed as specific markers of Mo/MPhi in gliomas: Itga4	20756	20688	4	66
collection_full_00002.xml	33608526	34	system_only	MG	Tmem119high	25256	25260	2	11
collection_full_00002.xml	33600562	5	system_only	apoE 25	apoE 25-kDa N-terminal fragment	1954	1921	7	31
collection_full_00002.xml	33644757	32	system_only	AD	73-year-old	21009	21013	2	11
collection_full_00002.xml	33644757	32	system_only	AD	47-year-old	21220	21224	2	11
collection_full_00002.xml	33644757	47	system_only	IC50	inducing 50% inhibition of the radioligand binding	37321	37269	4	50
collection_full_00002.xml	33637690	45	reference_only	FTD	frontotemporal lobar degeneration	34533	34498	3	33
collection_full_00002.xml	33671212	38	system_only	LPA	1-oleoyl-2-hydroxy-sn-glycero-3-phosphate	31649	31654	3	41
collection_full_00002.xml	32999036	11	reference_only	i.c.	intracranial	7482	7468	4	12
collection_full_00002.xml	32999036	11	system_only	i.c.	in C57BL/6 mice (n = 22) following intracranial	7482	7433	4	47
collection_full_00002.xml	32999036	23	system_only	MG1	macrophages (Mac1, Mac2, and Mac3), microglia	19195	19148	3	45
collection_full_00002.xml	32999036	23	system_only	Viperin	antiviral response factors, including Myd88, Rsad2	19639	19587	7	50
collection_full_00002.xml	32999036	24	reference_only	monos	monocytes	21765	21754	5	9
collection_full_00002.xml	32999036	24	reference_only	macs	macrophages	21789	21776	4	11
collection_full_00002.xml	32999036	33	system_only	DC	and XCL2	33655	33707	2	8
collection_full_00002.xml	33567283	28	system_only	CAST	common between Mic1 and all wild-derived strains	26635	26585	4	48
collection_full_00002.xml	33567283	30	system_only	DE	discovery rate [FDR] < 0.05	27756	27766	2	27
collection_full_00002.xml	33567283	54	system_only	II	Miltenyi Biotec #130-096-733	43847	43851	2	28
collection_full_00002.xml	33567283	56	reference_only	bcl	base call	45981	45970	3	9
collection_full_00002.xml	33692998	21	system_only	ACD	was closed and inserted into the HybEZ oven	14269	14224	3	43
collection_full_00002.xml	33712584	22	system_only	HAMD	Hamilton Depression Rating Scale	13767	13733	4	32
collection_full_00002.xml	33712584	27	system_only	AHBA	help.brain-map.org/display/humanbrain/Documentation	18458	18464	4	51
collection_full_00002.xml	33712584	80	system_only	MSNi	comparisons in MSN values of each region	49167	49125	4	40
collection_full_00002.xml	33712584	86	system_only	AHBA	help.brain-map.org/display/humanbrain/Documentation	52332	52338	4	51
collection_full_00002.xml	33707641	22	system_only	RGG	arginine/glycine/glycine	17710	17684	3	24
collection_full_00002.xml	33707641	66	system_only	kME	ranked by Module Membership	42749	42720	3	27
collection_full_00002.xml	33766097	57	system_only	PBS-T	PBS containing 0.2% Tween-20	33274	33281	5	28
collection_full_00002.xml	33766097	93	reference_only	RhoB	Rho-related GTPases binding protein	65775	65738	4	35
collection_full_00002.xml	33766097	212	system_only	ROCK	microglial activity by rho-kinase	81371	81336	4	33
collection_full_00002.xml	33058309	19	system_only	LPC	including cuprizone (CPZ) or lysolecithin	12644	12601	3	41
collection_full_00002.xml	33058309	48	system_only	iNOS+	infiltrating monocytes first display a pro-inflammatory	39755	39698	5	55
collection_full_00002.xml	33874957	35	system_only	Abcam	Abcam's DCFDA/H2DCFDA assay kit	17095	17062	5	31
collection_full_00002.xml	33874957	158	system_only	LMCB	Laboratory for Molecular Cell Biology at UCL	58117	58071	4	44
collection_full_00002.xml	33920837	15	system_only	NMDA	N-methyl-D-Aspartic Acid Receptor 1	11119	11082	4	35
collection_full_00002.xml	33920837	19	system_only	NBQX	2,3-dihydroxy-6-nitro-7-sulfamoyl-benzo[f]quinoxaline-2,3-dione	13245	13251	4	63
collection_full_00002.xml	33920837	24	reference_only	sulfatide	spingolipid-3-O-sulfogalactosylceramide	16017	15976	9	39
collection_full_00002.xml	33920837	26	reference_only	MLIV	Mucolipidosis type IV	17159	17136	4	21
collection_full_00002.xml	33920837	26	system_only	MLIV	autosomal recessive LSD Mucolipidosis type IV	17159	17112	4	45
collection_full_00002.xml	33920837	55	system_only	AMG	National Human Genome Research Institute, NIGMS PRAT fellowship	33392	33327	3	63
collection_full_00002.xml	32973221	9	system_only	MHC-II	major histocompatibility class two	9373	9337	6	34
collection_full_00002.xml	33594256	54	reference_only	NF-kappaB	nuclear factor kappa-light-chain-enhancer of activated B cells	24774	24710	9	62
collection_full_00002.xml	33298546	16	system_only	Rev*	Rev mutant deficient for icRNA nuclear export	15015	14968	4	45
collection_full_00002.xml	33298546	21	system_only	hiNeuron	with iPSC-derived neurons	20071	20044	8	25
collection_full_00002.xml	33298546	54	system_only	NIH	analyzed with ImageJ	47883	47861	3	20
collection_full_00002.xml	33958982	12	system_only	TR	the following parameters: repetition time	9627	9584	2	41
collection_full_00002.xml	33986642	85	system_only	WM	with competitive ELISAs	98008	98021	2	23
collection_full_00002.xml	33994961	39	reference_only	mi	mitral cells	19438	19424	2	12
collection_full_00002.xml	33994961	39	reference_only	mi	mitral cells	19935	19921	2	12
collection_full_00002.xml	33994961	70	system_only	red	Widespread distribution of Elovl5	31634	31599	3	33
collection_full_00002.xml	33919317	5	system_only	NG2	NG2+ progenitor cells	2660	2637	3	21
collection_full_00002.xml	33919317	36	system_only	PD	preclinical study of one ongoing trial	39537	39541	2	38
collection_full_00002.xml	33946667	19	system_only	IH	in the contralateral cerebral hemisphere	12158	12116	2	40
collection_full_00002.xml	33946667	137	system_only	PAX6	PAX6+ cells and relative gene expression levels for neural markers	48210	48142	4	66
collection_full_00002.xml	33946667	143	system_only	RHOA	Ras homolog family member A	53741	53712	4	27
collection_full_00002.xml	33925154	14	system_only	SN	transcriptional profiles of microglia differ between brain regions	9236	9168	2	66
collection_full_00002.xml	33925154	41	reference_only	Nrf2	nuclear factor erythroid-derived 2-like 2	33620	33577	4	41
collection_full_00002.xml	33925154	41	system_only	SHP-1	tyrosine phosphatase-1	34371	34347	5	22
collection_full_00002.xml	33925154	64	system_only	FNR	funding from the Luxembourg National Research Fund	51876	51824	3	50
collection_full_00002.xml	34068251	152	reference_only	A-E	Alternative	41500	41487	3	11
collection_full_00002.xml	34068375	9	reference_only	NF-kappaB	nuclear factor kappa-light-chain-enhancer of activated B cells	9561	9497	9	62
collection_full_00002.xml	34068375	19	reference_only	GABA	gamma(gamma)-aminobutyric acid	24501	24469	4	30
collection_full_00002.xml	34068375	222	reference_only	D,E	density	66144	66135	3	7
collection_full_00002.xml	34054860	11	system_only	II	Biosciences	6791	6798	2	11
collection_full_00002.xml	34054860	55	system_only	RS	Berta-Ottenstein-Programme for Clinical Scientists	29518	29466	2	50
collection_full_00002.xml	34079050	1	system_only	GLP-1RA	glucagon-like peptide-1 receptor (GLP-1R) agonist	582	531	7	49
collection_full_00002.xml	34079050	33	system_only	EC	vehicle-controlled dataset, three major cell types	23576	23524	2	50
collection_full_00002.xml	34079050	54	system_only	URL:	https://singlecell.broadinstitute.org/single_cell/study/SCP1182/glp1ra-brain-aging-reversal	27793	27799	4	91
collection_full_00002.xml	34079050	54	system_only	URL:	https://singlecell.broadinstitute.org/single_cell/study/SCP829/aging-mouse-brain-kolab	27981	27987	4	86
collection_full_00002.xml	34079050	56	system_only	URL:	https://github.com/RichardLZQ/NVUB5_code	28252	28258	4	40
collection_full_00002.xml	34093527	45	system_only	OCR	mitochondrial respiration	22519	22524	3	25
collection_full_00002.xml	34093527	45	system_only	OCR	mitochondrial respiration	23887	23892	3	25
collection_full_00002.xml	34093527	50	reference_only	DTG	discovered that these ARV drugs	29691	29658	3	31
collection_full_00002.xml	34093527	53	system_only	OCR	mitochondrial respiration	33651	33656	3	25
collection_full_00002.xml	34093527	55	system_only	OCR	mitochondrial respiration	36234	36239	3	25
collection_full_00002.xml	34082772	4	system_only	hiPSC	this purpose, human-induced pluripotent cell	935	889	5	44
collection_full_00002.xml	34082772	76	system_only	a-c	all cultures at 24h+3d and 24h+6d	32809	32774	3	33
collection_full_00002.xml	34099706	11	system_only	PE	phospholipid classes, five	10915	10887	2	26
collection_full_00002.xml	34099706	31	system_only	Capg	dynamic in macrophages	32020	32055	4	22
collection_full_00002.xml	34099706	51	system_only	PE	phospholipid classes	47786	47764	2	20
collection_full_00002.xml	34099706	59	system_only	WT	Wild-type C57BL/6 J	57200	57179	2	19
collection_full_00002.xml	34099706	74	system_only	Gatan	magnification and equipped with an UltraScan 1000 CCD camera	66864	66802	5	60
collection_full_00002.xml	34099706	94	system_only	II	Miltenyi Biotec	80789	80793	2	15
collection_full_00002.xml	34099706	96	system_only	II	Miltenyi Biotec	82610	82614	2	15
collection_full_00002.xml	34103079	20	system_only	F+/T+	5xFAD/PS19 tau transgenic mice	15558	15526	5	30
collection_full_00002.xml	34103079	20	system_only	F+/T+	5xFAD/PS19 tau transgenic mice	15790	15758	5	30
collection_full_00002.xml	34103079	20	system_only	F+/T+	for 1.5 months, and 2 tau-seeded 5xFAD/PS19 tau transgenic mice	15919	15854	5	63
collection_full_00002.xml	34103079	21	system_only	R2	read 2 primer sequence	20170	20174	2	22
collection_full_00002.xml	34103079	22	reference_only	ipsi	ipsilateral hemispheres	22375	22350	4	23
collection_full_00002.xml	34103079	22	reference_only	contra	contralateral hemispheres	22418	22391	6	25
collection_full_00002.xml	34103079	30	system_only	F-/T+	of tau-seeding in PS19 mice	27772	27743	5	27
collection_full_00002.xml	34103079	36	system_only	F-/T-	of the ATN continuum, by comparing control mice	34103	34054	5	47
collection_full_00002.xml	34103079	38	reference_only	c-e	correction	37288	37276	3	10
collection_full_00002.xml	34130712	59	reference_only	ROAST	rotational gene set testing	30477	30448	5	27
collection_full_00002.xml	34130712	59	system_only	ROAST	non-neurological controls with rotational gene set testing	30477	30417	5	58
collection_full_00002.xml	34130712	60	system_only	ALS	Additional Files 1 and 2	31425	31434	3	24
collection_full_00002.xml	34130712	96	reference_only	CLEC7A	c-type lectin domain containing 7a protein	53834	53790	6	42
collection_full_00002.xml	34130712	224	reference_only	CML	epsilon-(carboxymethyl)lysine	78169	78138	3	29
collection_full_00002.xml	34296180	11	system_only	PBS-T	PBS containing 0.5% TritonX-100	7536	7546	5	31
collection_full_00002.xml	34296180	22	system_only	TBS-T	Tris-buffered saline with 0.1% Tween-20	15459	15418	5	39
collection_full_00002.xml	33548033	13	reference_only	C	cell	7432	7426	1	4
collection_full_00002.xml	33548033	49	reference_only	V3	V3.2.2	27345	27349	2	6
collection_full_00002.xml	34172755	18	reference_only	c	cells	13663	13656	1	5
collection_full_00002.xml	34172755	26	reference_only	hypo	hypoacetylated	21608	21592	4	14
collection_full_00002.xml	34172755	26	reference_only	hyper	hyperacetylated	21635	21618	5	15
collection_full_00002.xml	34172755	26	reference_only	top	to AD-associated hyperacetylated	21940	21906	3	32
collection_full_00002.xml	34172755	47	system_only	NEB	then digested by HindIII	42671	42645	3	24
collection_full_00002.xml	34183017	49	system_only	II	Biosciences	12270	12277	2	11
collection_full_00002.xml	34225752	18	reference_only	atm	atmospheres	8510	8497	3	11
collection_full_00002.xml	34225752	21	system_only	HBSS+	HBSS + 0.5% BSA	10739	10746	5	15
collection_full_00002.xml	34281258	3	system_only	PMU	Proteus mirabilis produces a urea-inducible urease	2004	1952	3	50
collection_full_00002.xml	34290591	28	reference_only	C	culture	15544	15535	1	7
collection_full_00002.xml	34307355	4	system_only	SRY	is determined by the sex-determining region of the Y chromosome	2766	2701	3	63
collection_full_00002.xml	34307355	70	reference_only	Eif2s3y	AAV-Eif2s3y	31703	31712	7	11
collection_full_00002.xml	34307355	70	system_only	AAV-Eif2s3y	AAV expressing Eif2s3y	31712	31688	11	22
collection_full_00002.xml	34356682	49	system_only	i-EVs	in vivo, EVs released by activated, proinflammatory microglia	33562	33499	5	61
collection_full_00002.xml	34311763	48	system_only	TBST	tris-buffered saline with 0.05% Tween 20	19853	19811	4	40
collection_full_00002.xml	34332594	75	reference_only	H2	H2a	39956	39966	2	3
collection_full_00002.xml	34341398	13	system_only	RGCC	microglia (CCL3, C1QA, C1QB), endothelium	12756	12713	4	41
collection_full_00002.xml	34341398	82	system_only	GEO	GSE155154 for UAB bulk RNA-seq	56630	56635	3	30
collection_full_00002.xml	34344473	5	system_only	GRN	progranulin	1498	1485	3	11
collection_full_00002.xml	34309761	12	system_only	PD	Parkinson's disease without cognitive impairment	7811	7761	2	48
collection_full_00002.xml	34309761	90	reference_only	dasper	Detecting Aberrant Splicing Events from RNA-sequencing	73061	73005	6	54
collection_full_00002.xml	34309761	119	reference_only	dasper	Detecting Aberrant Splicing Events from RNA-sequencing	88857	88801	6	54
collection_full_00002.xml	34422641	36	reference_only	A	astrocytoma	13255	13266	1	11
collection_full_00002.xml	34247441	5	system_only	IIS	insulin/insulin-like growth factor signaling	2837	2791	3	44
collection_full_00002.xml	34247441	12	reference_only	g-p	groups in	11066	11055	3	9
collection_full_00002.xml	34247441	36	system_only	IIS	insulin/insulin-like growth factor signaling	39255	39209	3	44
collection_full_00002.xml	34247441	38	reference_only	Bales,	been implicated in pathological processes such as AD	44155	44101	6	52
collection_full_00002.xml	34425874	5	system_only	p-tau	hyperphosphorylated tau	4102	4077	5	23
collection_full_00002.xml	34425874	68	system_only	LNT	Limbic-predominant Neuronal inclusion body 4R Tauopathy	46544	46487	3	55
collection_full_00002.xml	34425874	84	system_only	AD	isolated from human tauopathy brains	58813	58775	2	36
collection_full_00002.xml	34425874	84	system_only	or both	contribution of either oligodendrocytes or myelinated axons	59674	59613	7	59
collection_full_00002.xml	34425874	95	reference_only	TDP-43	TAR DNA binding protein 43 kDa	69263	69231	6	30
collection_full_00002.xml	34434927	16	system_only	Tiangen	transcribed into cDNA using Reverse Transcription Master Mix	6664	6602	7	60
collection_full_00002.xml	34434927	41	reference_only	C	control	16257	16248	1	7
collection_full_00002.xml	34434898	39	system_only	ASPM	assembly factor for spindle microtubules	17964	17922	4	40
collection_full_00002.xml	34052996	20	system_only	LD	learning and memory disorders	21448	21417	2	29
collection_full_00002.xml	34052996	27	reference_only	red	regulated	29717	29706	3	9
collection_full_00002.xml	34465358	3	reference_only	FDG	[18F]fluorodeoxyglucose	372	347	3	23
collection_full_00002.xml	34465358	51	reference_only	FDG	[18F]fluorodeoxyglucose	20218	20193	3	23
collection_full_00002.xml	34465358	65	system_only	AD	ADAS13 in all subgroups	33847	33822	2	23
collection_full_00002.xml	34323026	28	reference_only	Meta	Miller et al.,	10891	10897	4	14
collection_full_00002.xml	34488805	33	system_only	Ig	Biogenex	15048	15052	2	8
collection_full_00002.xml	34504786	17	system_only	NIH	counted using the ImageJ software	11857	11822	3	33
collection_full_00002.xml	34504786	37	system_only	NEB	NEB, followed by uracil digestion by USER enzyme	21964	21914	3	48
collection_full_00002.xml	34504786	37	system_only	NEB	containing TruSeq barcodes	22104	22076	3	26
collection_full_00002.xml	34504786	37	system_only	Promega	performed using a Quantus fluorometer and the QuantiFluor dsDNA System	22388	22316	7	70
collection_full_00002.xml	34504786	48	reference_only	ARG2	and hARG2	28506	28518	4	9
collection_full_00002.xml	34504786	60	system_only	Treg	controls the migration of regulatory T cells	41943	41897	4	44
collection_full_00002.xml	34504786	67	reference_only	DUOXA1	dual oxidase maturation factor 1	47669	47635	6	32
collection_full_00002.xml	34504786	67	system_only	DUOXA1	Duoxa1, which encodes dual oxidase maturation factor 1	47669	47613	6	54
collection_full_00002.xml	34504786	68	system_only	Ccnb1	cyclin B1, E1 and E2	48220	48198	5	20
collection_full_00002.xml	34504786	162	system_only	Nor-NOHA	Inhibitor Nomega-Hydroxy-Nor-Arginine	68360	68321	8	37
collection_full_00002.xml	34337898	37	reference_only	AS	astrocytes	29980	29968	2	10
collection_full_00002.xml	34337898	37	system_only	AS	are shown in astrocytes	29980	29955	2	23
collection_full_00002.xml	34571885	6	system_only	TMEM-	transmembrane protein	3046	3023	5	21
collection_full_00002.xml	34565380	21	system_only	MOG	myelin OLG glycoprotein 35-55 peptide	11989	11950	3	37
collection_full_00002.xml	34565380	27	system_only	PBS	phosphate-buffered saline pH 7.4	15056	15022	3	32
collection_full_00002.xml	34565380	55	system_only	Ai	demyelination and axon damage.	35540	35509	2	30
collection_full_00002.xml	34565380	55	system_only	Cii	CNPase immunoreactivity of myelin and OLG by densitometry,	36151	36091	3	58
collection_full_00002.xml	34565380	56	system_only	Aii	Quantitative representation of areas covered by	37288	37239	3	47
collection_full_00002.xml	34565380	58	system_only	Tnf	the initiation of microglia responses	40354	40315	3	37
collection_full_00002.xml	34565380	65	system_only	Nissl	pyknotic neurons stained by cresyl violet	46122	46079	5	41
collection_full_00002.xml	34565380	69	system_only	NA-DIV7	neuron-astrocyte co-cultures at day in vitro 7 of co-culture	48658	48596	7	60
collection_full_00002.xml	34565486	1	reference_only	apo	Apolipoprotein	707	691	3	14
collection_full_00002.xml	34565486	5	system_only	PrPC	proteolysis-resistant, and oligomerization-prone conformer of the cellular prion protein	3550	3460	4	88
collection_full_00002.xml	34565486	6	reference_only	apo	Apolipoprotein	4761	4745	3	14
collection_full_00002.xml	34565486	38	system_only	CT	cDNA dilution log values and the averaged threshold cycle	32232	32173	2	57
collection_full_00002.xml	34565486	49	system_only	e-/-	Apoe-/-	41734	41725	4	7
collection_full_00002.xml	34565486	55	system_only	WT	following significant ANOVA	48907	48940	2	27
collection_full_00002.xml	34565486	61	system_only	WT	following significant ANOVA	56226	56259	2	27
collection_full_00002.xml	34565486	62	system_only	4.2-fold	Gpr34 (2.8-fold, p < 0.001), Hexb	58558	58523	8	33
collection_full_00002.xml	34565486	65	system_only	WT	following significant ANOVA	63206	63239	2	27
collection_full_00002.xml	34565486	70	system_only	WT	following significant ANOVA	71128	71161	2	27
collection_full_00002.xml	33734320	15	reference_only	gene	generate as many triplets	8339	8312	4	25
collection_full_00002.xml	33734320	58	reference_only	N	neurons	31473	31476	1	7
collection_full_00002.xml	34603323	13	system_only	AD	a later decline when Abeta load reaching plateau	11586	11536	2	48
collection_full_00002.xml	34603323	33	reference_only	DED	[11C]deuterium-L-deprenyl	24461	24434	3	25
collection_full_00002.xml	34603323	153	reference_only	R,S	Radiosynthesis of	44542	44523	3	17
collection_full_00002.xml	34603323	153	system_only	TSPO	Translocator Protein 18 kDa	44631	44602	4	27
collection_full_00002.xml	34603323	155	system_only	TSPO	Translocator Protein 18 kDa	44933	44904	4	27
collection_full_00002.xml	34600516	62	system_only	In	Oligo, Neuron	28655	28640	2	13
collection_full_00002.xml	34600516	62	system_only	Ex	"Endo	 	Oxidative phosphorylation	Oligo, Neuron"	28883	28835	2	46
collection_full_00002.xml	34600516	62	system_only	In	Oligo, Neuron (Ex), Neuron	28896	28868	2	26
collection_full_00002.xml	34600516	62	system_only	In	Oligo, Neuron (Ex), Neuron	28953	28925	2	26
collection_full_00002.xml	34600516	62	system_only	In	Oligo, Neuron (Ex), Neuron	29007	28979	2	26
collection_full_00002.xml	34600516	62	system_only	In	Oligo, Neuron (Ex), Neuron	29061	29033	2	26
collection_full_00002.xml	34600516	62	system_only	In	Oligo, Neuron (Ex), Neuron	29116	29088	2	26
collection_full_00002.xml	34600516	62	system_only	In	Oligo, Neuron	29339	29324	2	13
collection_full_00002.xml	34600516	62	system_only	In	"signaling pathway	Neuron"	29450	29424	2	24
collection_full_00002.xml	34600516	63	system_only	In	Excitatory neurons; Neuron	29564	29536	2	26
collection_full_00002.xml	34417326	33	system_only	Sigma	double-stranded DNA were digested using 200 U/ml DNase	11709	11653	5	54
collection_full_00002.xml	34417326	95	system_only	SCI	post-SCI	36954	36964	3	8
collection_full_00002.xml	34417326	102	reference_only	loess	locally estimated scatterplot smoothing	41219	41178	5	39
collection_full_00002.xml	34703843	82	reference_only	bmwfw	Bundesministerium fur Wissenschaft, Forschung und Wirtschaft	45449	45387	5	60
collection_full_00002.xml	34703843	98	reference_only	HEPES	4-(2-hydroxyethyl)-1-piperazineethanesulfonic acid	52573	52580	5	50
collection_full_00002.xml	34598318	84	system_only	DEC	and Use Committee	24447	24428	3	17
collection_full_00002.xml	34598318	105	reference_only	regulon	Regulatory gene network	31507	31482	7	23
collection_full_00002.xml	34675929	19	system_only	FMOs	fluorescence minus one-stained splenocytes and placental cells	11722	11658	4	62
collection_full_00002.xml	34675929	154	reference_only	gammadelta	Gamma-Delta	56115	56102	10	11
collection_full_00002.xml	34731000	50	system_only	Abi3+/+	Abi3-/- mouse brain	34401	34380	7	19
collection_full_00002.xml	34731000	53	system_only	Abi3+/+	Abi3-/- mouse brain	38263	38242	7	19
collection_full_00002.xml	34731000	94	system_only	MRC	from cortical tissues using TRIzol	61345	61309	3	34
collection_full_00002.xml	34745848	12	reference_only	SAH-EZH2	stabilized alpha-helix of EZH2 peptide	7224	7184	8	38
collection_full_00002.xml	34745132	36	reference_only	H3	H3Cit	18208	18212	2	5
collection_full_00002.xml	34745132	53	system_only	n=4	in TLR4loxP/Lyz-cre mice	27247	27221	3	24
collection_full_00002.xml	34745132	66	system_only	ROS	Gr1hiRho+ cells	33571	33578	3	15
collection_full_00002.xml	34745132	83	system_only	IL	Regional Madrid Government B2017/BMD- 3688	45247	45203	2	42
collection_full_00002.xml	34815805	35	system_only	LPS	pro-inflammatory macrophages, M	14651	14618	3	31
collection_full_00002.xml	34824203	5	reference_only	SE	subependymoma	3249	3234	2	13
collection_full_00002.xml	34824203	5	system_only	SE	spinal ependymoma histopathological subtypes, subependymoma	3249	3188	2	59
collection_full_00002.xml	34824203	12	reference_only	SE	subependymoma	6486	6471	2	13
collection_full_00002.xml	34824203	12	system_only	SE	spinal ependymoma, including subependymoma	6486	6442	2	42
collection_full_00002.xml	34824203	18	system_only	Fig. 2i	transformation signature, and VEGFA-EGFR2 signaling	16265	16212	7	51
collection_full_00002.xml	34824203	18	system_only	TWEAK	TNF-related weak inducer of apoptosis	16496	16457	5	37
collection_full_00002.xml	34824203	28	system_only	from SE	from spinal ependymomas in our study	26347	26309	7	36
collection_full_00002.xml	34824203	32	system_only	AEP	biologically independent samples	30742	30753	3	32
collection_full_00002.xml	34824203	34	reference_only	SPP1	Supplementary Data 10	33426	33432	4	21
collection_full_00002.xml	34824203	65	system_only	HSP	heat shock protein associated genes	53158	53121	3	35
collection_full_00002.xml	34836962	79	system_only	RT	reactivated in citrate buffer	57484	57453	2	29
collection_full_00002.xml	34836962	79	system_only	RT	graded ethanol	57633	57617	2	14
collection_full_00002.xml	34836962	81	system_only	NIH	semi-quantified using the ImageJ software	59158	59115	3	41
collection_full_00002.xml	34836962	88	reference_only	Leica	light field using a confocal microscope	61261	61220	5	39
collection_full_00002.xml	34836962	92	system_only	NIH	contralateral hemisphere using ImageJ software	63460	63412	3	46
collection_full_00002.xml	34836962	104	system_only	SFO	purchased from AfaSci	66086	66063	3	21
collection_full_00002.xml	34766463	15	reference_only	i.t	injected	4157	4147	3	8
collection_full_00002.xml	34766463	38	reference_only	C	controls	11684	11727	1	8
collection_full_00002.xml	34766463	38	system_only	PBST	PBS with 0.2% Triton X-100	11764	11770	4	26
collection_full_00002.xml	34767070	1	system_only	CLU	including AD risk genes expressed in both the astrocytes	573	515	3	56
collection_full_00002.xml	34767070	40	reference_only	regulon	regulatory network	21257	21237	7	18
collection_full_00002.xml	34767070	75	system_only	pTau	transcription factors JUND	47681	47691	4	26
collection_full_00002.xml	34853891	21	reference_only	i.c	intracranial	15301	15287	3	12
collection_full_00002.xml	34853891	21	reference_only	f.p	footpad	15410	15401	3	7
collection_full_00002.xml	34853891	21	reference_only	i.n	intranasal	15694	15682	3	10
collection_full_00002.xml	34853891	23	system_only	CNS	microglia and macrophages	21254	21262	3	25
collection_full_00002.xml	34853891	153	system_only	or 'aging'	contradicting expectations that pre-existing microglia activation and pathology	123852	123771	10	79
collection_full_00002.xml	34853891	163	system_only	iNOS+	infiltrating phagocytes revealed that pro-inflammatory polarization	132389	132320	5	67
collection_full_00002.xml	34297254	8	reference_only	NF-kappaB	nuclear factor kappa-light-chain-enhancer of activated B cells	4674	4610	9	62
collection_full_00002.xml	34297254	137	system_only	TSPO	translocator protein 18 kDa	53569	53540	4	27
collection_full_00003.xml	35430298	149	system_only	DE	"differentially
expressed"	44504	44478	2	24
collection_full_00003.xml	35430298	153	system_only	CPM	counts per million	47038	47018	3	18
collection_full_00003.xml	35430298	149	system_only	DE	"differentially
expressed"	44504	44478	2	24
collection_full_00003.xml	35430298	153	system_only	CPM	counts per million	47038	47018	3	18
collection_full_00003.xml	34903713	9	system_only	HOMER	shows number of significant trans contacts	7899	7855	5	42
collection_full_00003.xml	34903713	10	system_only	NeuN+	range: 104-1460 Mb/subcompartment	8744	8751	5	33
collection_full_00003.xml	34903713	10	system_only	NeuN-	range: 95-1452 Mb/subcompartment	8793	8800	5	32
collection_full_00003.xml	34903713	24	reference_only	to top	to the entire Circos plot, including	24740	24702	6	36
collection_full_00003.xml	34903713	29	system_only	KO	CK-cKO	30616	30608	2	6
collection_full_00003.xml	34903713	73	system_only	RNA	either increased or decreased	62508	62513	3	29
collection_full_00003.xml	34917090	34	system_only	Mo-TAMs	microglia (Mg-TAMs) or monocytes	22855	22821	7	32
collection_full_00003.xml	34925024	36	reference_only	GNG7	guanine nucleotide-binding protein G(I)/G(S)/G(O) subunit gamma-7	26663	26596	4	65
collection_full_00003.xml	34925024	36	reference_only	GNB2	G(I)/G(S)/G(T) subunit beta-2	26746	26715	4	29
collection_full_00003.xml	34925024	36	reference_only	A7	ANXA7	27047	27051	2	5
collection_full_00003.xml	34925024	36	system_only	FABP3	fatty acid binding protein 3, heart type	24402	24360	5	40
collection_full_00003.xml	34925024	36	system_only	CAPN2	calpain-2 catalytic subunit	24993	24964	5	27
collection_full_00003.xml	34925024	45	system_only	LPE	LPE20:4 (p < 0.05)	35868	35873	3	18
collection_full_00003.xml	34925024	48	system_only	AD	2A-D,	37319	37331	2	5
collection_full_00003.xml	34943789	89	system_only	LPS	Microglia Responses to Pro-inflammatory Stimuli	34982	34933	3	47
collection_full_00003.xml	34944065	30	system_only	NEB	NEBNext  rRNA Depletion Kit v2	10861	10829	3	30
collection_full_00003.xml	34944065	30	system_only	NEB	NEBNext Ultra II Directional RNA Library Prep Kit	10942	10891	3	49
collection_full_00003.xml	34944065	119	system_only	FPKM	fragments per kilobase per million mapped reads	35637	35643	4	47
collection_full_00003.xml	34944065	121	system_only	GM	GPR56-immunoreaction in the temporal cortex (A22) grey	38343	38287	2	54
collection_full_00003.xml	34944078	36	reference_only	NOX	nicotinamide adenine dinucleotide phosphate oxidases	26710	26656	3	52
collection_full_00003.xml	34944078	40	reference_only	ATP	adenosine triphosphate	29376	29352	3	22
collection_full_00003.xml	34944078	40	system_only	ATP	and they produce the adenosine triphosphate	29376	29331	3	43
collection_full_00003.xml	34944078	51	reference_only	DDR	damage recognition and repair network	37854	37815	3	37
collection_full_00003.xml	34944078	51	system_only	DDR	DNA damage recognition and repair network	37854	37811	3	41
collection_full_00003.xml	34944078	73	system_only	TFR	Foundation of Singapore to Singapore Nuclear Research and Safety Initiative	51842	51765	3	75
collection_full_00003.xml	34944078	146	system_only	Abeta	ligands or beta-amyloid	59485	59460	5	23
collection_full_00003.xml	35002670	3	system_only	Abeta	characterized by extracellular deposition of beta-amyloid	1717	1658	5	57
collection_full_00003.xml	34991639	38	system_only	TBST	Tris-buffered saline containing 0.05% Tween 20	20585	20537	4	46
collection_full_00003.xml	34991639	134	system_only	RF	Portugal for Women in Science	65060	65029	2	29
collection_full_00003.xml	35011673	115	system_only	PGC-1alpha	receptor gamma coactivator-1alpha	45577	45542	10	33
collection_full_00003.xml	35051025	41	system_only	FBS	foetal bovine serum EU standard	24690	24657	3	31
collection_full_00003.xml	35051025	49	system_only	ELISA	cell debris, TNF-alpha was quantified by enzyme-linked immunosorbent	27809	27739	5	68
collection_full_00003.xml	35055995	20	reference_only	SIADH	syndrome of inappropriate antidiuretic hormone secretion	17772	17714	5	56
collection_full_00003.xml	35055995	20	system_only	SIADH	seizures, encephalopathy, and the syndrome of inappropriate antidiuretic hormone secretion	17772	17680	5	90
collection_full_00003.xml	35055995	40	system_only	Review	current views and advances on RSV infection	26235	26190	6	43
collection_full_00003.xml	35055164	45	system_only	B.C.,	RTI2018-096303B-C1	31121	31128	5	18
collection_full_00003.xml	35109872	16	system_only	AD	Additional file 2	6353	6374	2	17
collection_full_00003.xml	35109920	47	system_only	Cre+	APPPS1;FE4Cre + mice	32839	32817	4	20
collection_full_00003.xml	35159229	24	system_only	LPS	lipopolysaccharides from Escherichia coli O55:B5	11110	11060	3	48
collection_full_00003.xml	35163829	1	reference_only	Rs	receptors	380	369	2	9
collection_full_00003.xml	35163829	1	system_only	Rs	stress-released ATP stimulates P2X7 receptors	380	333	2	45
collection_full_00003.xml	35163829	1	system_only	Bz-ATP	dibenzoyl-ATP	1640	1625	6	13
collection_full_00003.xml	35163829	11	system_only	Bz-ATP	dibenzoyl-ATP	8297	8282	6	13
collection_full_00003.xml	35163829	69	system_only	GFAP	anti-GFAP monoclonal antibody	45065	45077	4	29
collection_full_00003.xml	35163829	69	system_only	Iba1	anti-Iba1 monoclonal antibody	45147	45159	4	29
collection_full_00003.xml	35163829	69	system_only	Olig2	anti-Olig2 monoclonal antibody	45220	45233	5	30
collection_full_00003.xml	35163829	69	system_only	NG2	anti-NG2 monoclonal antibody	45308	45319	3	28
collection_full_00003.xml	35149686	37	system_only	ATM	transient developmental	36257	36232	3	23
collection_full_00003.xml	35186185	12	reference_only	12(S)-HETE	12(S)-hydroxyicosatetraenoic	4319	4289	10	28
collection_full_00003.xml	35186185	12	reference_only	15(S)-HETE	15(S)-hydroxyicosatetraenoic acid	4375	4340	10	33
collection_full_00003.xml	35186185	12	reference_only	AdA-	and adrenoyl-	4810	4795	4	13
collection_full_00003.xml	35186185	12	system_only	AdA-	ALOX15 directly oxidizing AA- and adrenoyl-	4810	4765	4	43
collection_full_00003.xml	35031523	27	reference_only	C	cluster	11725	11716	1	7
collection_full_00003.xml	35031523	82	system_only	BD	antibodies for CD45	56599	56578	2	19
collection_full_00003.xml	35180881	6	system_only	CN	cognitively normal older adults	2018	1985	2	31
collection_full_00003.xml	35180881	14	system_only	CN	cognitively normal older adults	4813	4780	2	31
collection_full_00003.xml	35180881	36	system_only	EGTA	ethylene glycol-bis (beta-aminoethyl ether)-N,N,N',N'-tetraacetic acid	14254	14182	4	70
collection_full_00003.xml	35180881	53	reference_only	d	diet	22295	22289	1	4
collection_full_00003.xml	35180881	56	system_only	CN	cognitively normal older adults	24197	24164	2	31
collection_full_00003.xml	35180881	80	system_only	IACUC	Animal Science Care and Use Committee	36911	36872	5	37
collection_full_00003.xml	35197855	59	reference_only	NF-kappaB	p-NF-kappaB	30981	30992	9	11
collection_full_00003.xml	35197855	59	system_only	p-NF-kappaB	p65 subunit of NF-kappaB	30992	30966	11	24
collection_full_00003.xml	35194016	14	reference_only	CM	co-CCM	11229	11244	2	6
collection_full_00003.xml	35194016	14	reference_only	CM	co-CCM	11456	11471	2	6
collection_full_00003.xml	35207340	3	system_only	Macs/TAMs	inflammatory monocytes, tumor-associated macrophages	2400	2346	9	52
collection_full_00003.xml	35212809	14	system_only	OS	injections into the right (OD) and left	9535	9494	2	39
collection_full_00003.xml	35212809	31	system_only	ONL	major retinal layers	21208	21186	3	20
collection_full_00003.xml	35212809	41	reference_only	NT	nanotubes	28523	28512	2	9
collection_full_00003.xml	35212809	41	system_only	NT	NG2+ interpericyte tunneling nanotubes	28523	28483	2	38
collection_full_00003.xml	35212809	43	system_only	NeuN	neuronal cell bodies	32930	32908	4	20
collection_full_00003.xml	35212809	46	system_only	Pi	microscopic detection of the nucleotide-derived inorganic phosphate	35463	35394	2	67
collection_full_00003.xml	35212809	57	system_only	lowe panels	amplitudes of the a-waves (upper panels) and b-waves	51618	51564	11	52
collection_full_00003.xml	35212809	67	system_only	PPi	phosphate-containing compounds, such as pyrophosphate	64764	64709	3	53
collection_full_00003.xml	35212809	78	reference_only	UTU	University of Turku	71940	71919	3	19
collection_full_00003.xml	35232960	18	system_only	En1+	divided into V1	20245	20228	4	15
collection_full_00003.xml	35232960	55	system_only	OCT	Thermo Scientific	54254	54259	3	17
collection_full_00003.xml	35210624	25	system_only	ref.	closure of the blood-brain barrier around E13	13737	13690	4	45
collection_full_00003.xml	35210624	65	system_only	ref.	or emiRFP670	42704	42690	4	12
collection_full_00003.xml	35210624	136	system_only	red line	observed sampling rate of 0.51%	79266	79233	8	31
collection_full_00003.xml	35261339	21	reference_only	top	to ensure complete rapid fixation	15251	15216	3	33
collection_full_00003.xml	35261339	62	reference_only	e.g.,	early brain damage	46483	46463	5	18
collection_full_00003.xml	35261339	62	system_only	e.g.,	documented significant neural and behavioral plasticity following early brain damage	46483	46397	5	84
collection_full_00003.xml	35261339	269	system_only	all?	indicate clearly which inoculation group had active virus in brain	77597	77529	4	66
collection_full_00003.xml	35261339	331	system_only	all?	indicate clearly which inoculation group had active virus in brain	101080	101012	4	66
collection_full_00003.xml	35287730	15	system_only	TBST	Tris-buffered saline with 0.1% Tween-20	8285	8244	4	39
collection_full_00003.xml	35287730	46	system_only	C/C	cells compared to homozygotes of the rs1990622 protective C allele	32811	32743	3	66
collection_full_00003.xml	35107767	54	reference_only	Tau	P-TAU	39295	39300	3	5
collection_full_00003.xml	35107767	54	system_only	P-TAU	process of aggregation of hyperphosphorylated Tau	39300	39249	5	49
collection_full_00003.xml	35107767	78	system_only	ReN	progenitor	57073	57061	3	10
collection_full_00003.xml	35327982	80	system_only	HRD	:Human Resource Development for Health Research	43402	43353	3	47
collection_full_00003.xml	35228310	65	system_only	Fig. 3E	Figure 3B revealed overall enrichment of microglial marker genes	55584	55518	7	64
collection_full_00003.xml	35369030	9	system_only	N-	1-naphthyl	6956	6959	2	10
collection_full_00003.xml	35369030	11	system_only	Ross	Department of Biological Sciences	8859	8865	4	33
collection_full_00003.xml	35386199	13	system_only	NEB	RNase Inhibitor	8953	8936	3	15
collection_full_00003.xml	35386199	13	system_only	MGI	MGIEasy Lib Trans Kit	9623	9600	3	21
collection_full_00003.xml	35387656	44	system_only	Bio-RAD	BioRad TC10 automated cell counter	23624	23588	7	34
collection_full_00003.xml	35387656	66	reference_only	mac	macrophages	43949	43936	3	11
collection_full_00003.xml	35387656	81	reference_only	Ifit1	Interferon-induced protein with tetratricopeptide repeats 1 Gene	61287	61294	5	64
collection_full_00003.xml	35387656	82	system_only	cFLIP	converting enzyme (FLICE)-inhibitory protein	62551	62505	5	44
collection_full_00003.xml	35392936	20	reference_only	D3	1(D1), 3	6160	6150	2	8
collection_full_00003.xml	35406690	51	reference_only	M.M.	Michele Menicagli	31004	31010	4	17
collection_full_00003.xml	35406690	51	reference_only	M.M.	Mariangela Morelli	31030	31036	4	18
collection_full_00003.xml	35406690	51	reference_only	F.P.	Francesco Pieri	31111	31117	4	15
collection_full_00003.xml	35406690	51	reference_only	F.P.	Francesco Pasqualetti	31160	31166	4	21
collection_full_00003.xml	35406690	51	reference_only	M.M.	Mariangela Morelli	31290	31296	4	18
collection_full_00003.xml	35406690	51	reference_only	F.P.	Francesco Pasqualetti	31362	31368	4	21
collection_full_00003.xml	35411038	13	reference_only	c	cells	7840	7833	1	5
collection_full_00003.xml	35411038	13	reference_only	d	days	8056	8050	1	4
collection_full_00003.xml	35411038	26	reference_only	c	cord	16961	16955	1	4
collection_full_00003.xml	35411038	31	reference_only	d	days	21373	21367	1	4
collection_full_00003.xml	35413950	1	reference_only	NF-kappaB	nuclear factor kappa-light-chain-enhancer of activated B cells	352	288	9	62
collection_full_00003.xml	35413950	20	system_only	Irf3	interferon regulatory factor 3 and 7	16760	16722	4	36
collection_full_00003.xml	35413950	25	system_only	AD-tau	isolated sarkosyl-insoluble tau	20730	20697	6	31
collection_full_00003.xml	35413950	39	reference_only	c	cortex	31989	31981	1	6
collection_full_00003.xml	35413950	73	system_only	NIH	analyzed with ImageJ	60354	60332	3	20
collection_full_00003.xml	35426375	1	reference_only	TP53	the human p53 locus	1054	1033	4	19
collection_full_00003.xml	35426375	22	reference_only	IL-6	Il6	15961	15956	4	3
collection_full_00003.xml	35426375	22	system_only	p53	Trp53	15848	15841	3	5
collection_full_00003.xml	35426375	22	system_only	Il6	IL-6	15956	15961	3	4
collection_full_00003.xml	35426375	24	system_only	SNI	Supplemental Figure 10 for proof of antibody specificity	17326	17335	3	56
collection_full_00003.xml	35426375	55	system_only	ODi	telomere-specific hybridization probe, using the formula TRF =	38061	37996	3	62
collection_full_00003.xml	35450291	33	system_only	Ai	and mitochondria	21384	21366	2	16
collection_full_00003.xml	35450291	33	system_only	Aii	and endothelial junctions and basement membrane	21437	21388	3	47
collection_full_00003.xml	35450291	54	system_only	Ai	Capillary cross-section with inset	34068	34032	2	34
collection_full_00003.xml	35463473	27	system_only	Kit	kits purchased from 2019 onwards	8016	8021	3	32
collection_full_00003.xml	35448516	1	system_only	or not	normal human astrocyte cell culture pre-treated	853	804	6	47
collection_full_00003.xml	35459147	6	system_only	IMGL	-derived microglia	1465	1445	4	18
collection_full_00003.xml	34919646	11	system_only	snRNA-seq	single cells (scRNA-seq) or nuclei	5909	5873	9	34
collection_full_00003.xml	34919646	76	system_only	FNR	funding from the Luxembourg National Research Fund	59265	59213	3	50
collection_full_00003.xml	35481836	4	reference_only	PAM	postnatal white matter tracts	3986	3955	3	29
collection_full_00003.xml	35481836	4	system_only	PAM	developmental microglia residing in postnatal white matter tracts	3986	3919	3	65
collection_full_00003.xml	35481836	4	system_only	ATM	tracts (PAM) or	3995	3978	3	15
collection_full_00003.xml	35481836	70	system_only	Cg	"background (Mus musculus, M/F)	B6.129P2"	53112	53071	2	39
collection_full_00003.xml	35481836	70	system_only	v3.1.0	"v3	10 X Genomics	PN-1000075		 	Software, algorithm	cellranger"	56658	56595	6	61
collection_full_00003.xml	35481836	89	reference_only	genes	gene content, and high number of features	64975	64932	5	41
collection_full_00003.xml	35526014	29	system_only	iMG	into primitive macrophage precursors and then to microglia	16071	16011	3	58
collection_full_00003.xml	35526014	61	system_only	iMG	differentiated microglia-like cells	38275	38238	3	35
collection_full_00003.xml	35526014	63	system_only	GO	Gene ontology enrichment analyses	40259	40224	2	33
collection_full_00003.xml	35526014	155	system_only	to G.T.	Institutes of Health Grants RF1 AG054223 and RF1 AG056061	89336	89277	7	57
collection_full_00003.xml	35526014	222	system_only	LPS	Microglia responses to pro-inflammatory stimuli	96188	96139	3	47
collection_full_00003.xml	35525962	43	system_only	Abeta	that beta-amyloid	32614	32595	5	17
collection_full_00003.xml	35525962	52	system_only	Abeta	that beta-amyloid	46158	46139	5	17
collection_full_00003.xml	35545758	19	system_only	Hi-C	chromosome conformation capture	6362	6329	4	31
collection_full_00003.xml	35545758	19	system_only	pLI	Probability of loss of function (LoF) intolerant	7216	7166	3	48
collection_full_00003.xml	35545758	21	system_only	Hi-C	chromosome conformation capture	9459	9426	4	31
collection_full_00003.xml	35545758	27	system_only	pLI	probability of being loss-of-function (LoF) intolerant	14279	14223	3	54
collection_full_00003.xml	35545758	44	system_only	Hi-C	chromosome conformation capture	31068	31035	4	31
collection_full_00003.xml	35545758	56	system_only	SNP	SNPs in the current study	36320	36335	3	25
collection_full_00003.xml	35545758	59	system_only	Hi-C	chromosome conformation capture	38948	38915	4	31
collection_full_00003.xml	35572130	55	system_only	AD	and Supplementary Figure 4	40253	40270	2	26
collection_full_00003.xml	35388616	105	system_only	II	Biosciences	52340	52347	2	11
collection_full_00003.xml	35645832	34	system_only	E-G	EGFP/f/f, GFP particles are found in both membranes and cytosol	18939	18874	3	63
collection_full_00003.xml	35645832	46	reference_only	C	cells	25106	25099	1	5
collection_full_00003.xml	35625761	48	system_only	AD	and 9%	36619	36626	2	6
collection_full_00003.xml	35625761	63	reference_only	rounded	Rectangularly framed protein: membrane-bound receptor; protein in dark-gray-filled	53614	53530	7	82
collection_full_00003.xml	35625761	339	system_only	TNF	"""TNF signaling pathway"""	88144	88119	3	23
collection_full_00003.xml	35625761	339	system_only	NFkappaB	"""NF-kappa B signaling pathway"""	88194	88162	8	30
collection_full_00003.xml	35631316	56	reference_only	tan	"the ""inositol signaling"""	28491	28465	3	24
collection_full_00003.xml	35669791	3	system_only	NPC1-like	oligodendrocyte-progenitor-like (OPC-like), neural-progenitor-1-like	3117	3047	9	68
collection_full_00003.xml	35669791	38	system_only	TCA cycle	elevated citrate cycle	24895	24871	9	22
collection_full_00003.xml	35669791	73	system_only	RF	support funds	52495	52480	2	13
collection_full_00003.xml	35668399	59	reference_only	Nrf2	nuclear factor erythroid 2-related factor	54625	54582	4	41
collection_full_00003.xml	35624211	12	system_only	Cd4+	CD4 T cells	7690	7677	4	11
collection_full_00003.xml	35624211	12	system_only	Cd8+	CD8 T cells	7735	7722	4	11
collection_full_00003.xml	35624211	12	system_only	Tregs	contain regulatory T cells	7812	7784	5	26
collection_full_00003.xml	35624211	15	system_only	GAL1	Lgals1	9258	9250	4	6
collection_full_00003.xml	35624211	19	system_only	Gal1	Lgals1	12037	12029	4	6
collection_full_00003.xml	35624211	106	reference_only	percent_mt	percentage of mitochondrial UMI	70375	70342	10	31
collection_full_00003.xml	35624211	139	system_only	GAL1	Lgals1	87488	87480	4	6
collection_full_00003.xml	35681503	45	system_only	ii	integration anchors (Seurat::FindIntegrationAnchors),	34154	34099	2	53
collection_full_00003.xml	35681503	175	reference_only	C	common	52398	52390	1	6
collection_full_00003.xml	35712720	52	reference_only	A,B	and SHRSP.Iba1	31179	31163	3	14
collection_full_00003.xml	35706029	4	system_only	iMGL	-derived microglia-like cells	1040	1009	4	29
collection_full_00003.xml	35706029	14	system_only	iMGLs	-derived microglia-like cells	5370	5339	5	29
collection_full_00003.xml	35706029	21	system_only	EOAD	presymptomatic PSEN1DE9	9104	9079	4	23
collection_full_00003.xml	35706029	98	system_only	PFC	population of microglia between patients and healthy individuals	62241	62175	3	64
collection_full_00003.xml	35706029	358	system_only	TM	The Academy of Finland grant 328287	77535	77498	2	35
collection_full_00003.xml	35705491	7	reference_only	TAM	tamoxifen	4823	4812	3	9
collection_full_00003.xml	35705491	7	system_only	TAM	the MHC-associated microglia cluster in tamoxifen	4823	4772	3	49
collection_full_00003.xml	35705491	12	system_only	NS	Mann-Whitney U-statistical test	6932	6899	2	31
collection_full_00003.xml	35705491	12	system_only	NS	Mann-Whitney U-statistical test	7342	7309	2	31
collection_full_00003.xml	35705491	12	system_only	NS	Mann-Whitney U-statistical test	7894	7861	2	31
collection_full_00003.xml	35705491	12	system_only	NS	Mann-Whitney U-statistical test	8337	8304	2	31
collection_full_00003.xml	35705491	14	system_only	NS	Mann-Whitney U-statistical test	8768	8735	2	31
collection_full_00003.xml	35705491	14	system_only	NS	Mann-Whitney U-statistical test	10584	10551	2	31
collection_full_00003.xml	35705491	32	system_only	Ctsl	transcripts linked to phagolysosome	20963	20926	4	35
collection_full_00003.xml	35705491	71	system_only	RNA	generated cDNA	42255	42239	3	14
collection_full_00003.xml	35774866	22	system_only	PBST	phosphate-buffered saline with 0.05% Tween 20	11952	11905	4	45
collection_full_00003.xml	35787714	47	system_only	NTg	non-transgenic control-chow treated	20715	20678	3	35
collection_full_00003.xml	35787714	61	system_only	Iba1	showing Abeta plaque (6E10, red), microglia	27700	27655	4	43
collection_full_00003.xml	35787714	62	system_only	Iba1	showing Abeta plaque (6E10, red), microglia	28874	28829	4	43
collection_full_00003.xml	35805167	3	system_only	LV	also travel in the medial deep dorsal horn	2550	2506	2	42
collection_full_00003.xml	35805167	24	system_only	AKT	DAP12/ITAM/SYK activates protein kinase B	23777	23734	3	41
collection_full_00003.xml	35805167	34	reference_only	HGMB1	high mobility group box-1 protein	38957	38922	5	33
collection_full_00003.xml	35805167	66	reference_only	touch	transmitting either cutaneous mechanoreception	78793	78745	5	46
collection_full_00003.xml	35805167	401	reference_only	DAP12	DNAX activating protein of 12 kDa	123754	123719	5	33
collection_full_00003.xml	35805105	6	system_only	scRNA-seq	single-nucleus (sn) RNA sequencing	4449	4413	9	34
collection_full_00003.xml	35805174	57	system_only	pTau	plaques and intraneuronal aggregation of hyperphosphorylated tau protein	46802	46728	4	72
collection_full_00003.xml	35805174	104	system_only	Phox	NADPH oxidase	86369	86354	4	13
collection_full_00003.xml	35805174	116	system_only	SN	PD-susceptible region	98360	98366	2	21
collection_full_00003.xml	35805174	142	system_only	CD11b+	CD11b expression and low-to-intermediate levels of CD45	118751	118694	6	55
collection_full_00003.xml	35805174	156	system_only	HS	hematoma elements	130466	130447	2	17
collection_full_00003.xml	35739273	39	reference_only	TLE	Table 2	42567	42597	3	7
collection_full_00003.xml	35739273	44	system_only	D.C.	and functional imaging	44764	44740	4	22
collection_full_00003.xml	35739273	52	system_only	Dako	and background reduction, goat serum	48854	48816	4	36
collection_full_00003.xml	35846152	24	system_only	t test	these oligodendrocyte subclusters were not significantly altered in TBI	11402	11329	6	71
collection_full_00003.xml	35865015	15	system_only	San Diego	histograms were generated using GraphPad Prism version eight software	8700	8629	9	69
collection_full_00003.xml	35865015	35	system_only	San Diego	Version 3.5.1 and GraphPad Prism version eight software	15243	15186	9	55
collection_full_00003.xml	35864266	9	system_only	SIK3-cKO	SIK3-Mi/MPhi-specific knockout transgenic mice	6982	6934	8	46
collection_full_00003.xml	35864266	17	system_only	SIK3-cKO	SIK3-Mi/MPhi-specific knockout transgenic mice	16105	16057	8	46
collection_full_00003.xml	35864266	44	system_only	NORs	junctional proteins of nodes of Ranvier	43108	43067	4	39
collection_full_00003.xml	35150591	10	reference_only	DCPIB	4-(2-butyl-6,7-dichlor-2-cyclopentylindan-1-on-5-yl) oxobutyric acid	4005	3935	5	68
collection_full_00003.xml	35150591	67	system_only	WT	with Lrrc8a  fl/fl  :Cx3cr1  +/+	31732	31697	2	32
collection_full_00003.xml	35653194	22	system_only	HSP+	TREM2hiSPP1+GPNMB+ myeloid cells, stressed	18039	17995	4	42
collection_full_00003.xml	35653194	23	system_only	CD3D	Cd3e, and Cd3g in mouse data sets	18474	18439	4	33
collection_full_00003.xml	35653194	23	system_only	KLRD1	Klrd1, Nkg7, and Nktr	18567	18544	5	21
collection_full_00003.xml	35653194	66	system_only	RRIDs	RRID denotes a number used by the Resource Identification Portal	34716	34723	5	64
collection_full_00003.xml	35879802	52	system_only	Tcm	T cells, central memory T cells	23797	23764	3	31
collection_full_00003.xml	35879802	52	system_only	Tem	effector memory T cells	23828	23803	3	23
collection_full_00003.xml	35886955	40	reference_only	SE	pre-SE	31220	31224	2	6
collection_full_00003.xml	35886955	40	system_only	pre-SE	prepared from mice before SE	31224	31194	6	28
collection_full_00003.xml	35849618	34	system_only	OR	of PPARG-NFYA-CREBP which switches from uncooperative	27239	27184	2	53
collection_full_00003.xml	35849618	84	system_only	AD	Jaccard's overlap < 0.1	69991	70011	2	23
collection_full_00003.xml	35915300	1	reference_only	IMhu	immunocompetent cells: human microglia	497	457	4	38
collection_full_00003.xml	35915300	6	system_only	IMhu	immortalized human microglia cell line SV40	6188	6143	4	43
collection_full_00003.xml	35915300	18	reference_only	C	cells	15783	15776	1	5
collection_full_00003.xml	35915300	45	system_only	IMhu	Immortalized Human Microglia SV40	42363	42328	4	33
collection_full_00003.xml	35915300	56	system_only	II	Biosciences	50017	50024	2	11
collection_full_00003.xml	35915300	71	system_only	NC-plasmid	numbers: ON886908 (SpCas9-plasmid); ON886909	51992	51946	10	44
collection_full_00003.xml	35933343	48	system_only	mA	100-micros duration	29041	29045	2	19
collection_full_00003.xml	35948532	173	system_only	TSPO	Translocator protein 18 kDa	49756	49727	4	27
collection_full_00003.xml	35713240	74	reference_only	Promega	performed with GoTap qPCR Master Mix	57433	57395	7	36
collection_full_00003.xml	35972072	47	system_only	BD	BrdU labeling kit	18823	18804	2	17
collection_full_00003.xml	35972072	105	system_only	CBE	acid beta-glucosidase	53395	53372	3	21
collection_full_00003.xml	35982465	2	system_only	TSG-6	factor alpha stimulated gene 6/protein	642	602	5	38
collection_full_00003.xml	35982465	16	system_only	TSG-6	factor alpha-stimulated gene-6	5487	5455	5	30
collection_full_00003.xml	35982465	21	reference_only	TSG-6	sh-TSG-6	7745	7752	5	8
collection_full_00003.xml	35982465	21	system_only	sh-TSG-6	shRNA against TSG-6	7752	7731	8	19
collection_full_00003.xml	36002854	16	system_only	SHP-1	tyrosine phosphatase 1	15706	15682	5	22
collection_full_00003.xml	36002854	40	reference_only	MGnD	microglia acquiring a neurodegeneration-associated phenotype	36433	36371	4	60
collection_full_00003.xml	35838338	116	system_only	Sigma	slipped using FluoromountTM Aqueous Mounting Medium	30478	30425	5	51
collection_full_00003.xml	35838338	118	system_only	TBST	TBS containing 0.1% triton	31738	31710	4	26
collection_full_00003.xml	35838338	126	system_only	"Trac
+"	"stromal cell types: Pericytes (Dbi
+), lymphocytes"	38064	38012	6	50
collection_full_00003.xml	35838338	126	system_only	OPCs	oligodendrocyte precursor cells	38211	38178	4	31
collection_full_00003.xml	35838338	126	system_only	NSCs	neural stem cells	38247	38228	4	17
collection_full_00003.xml	35838338	130	system_only	TAM II	to discriminate microglia-like (TAM I) from macrophage-like	43369	43308	6	59
collection_full_00003.xml	35838338	133	system_only	II	oxidation-reduction process	47040	47091	2	27
collection_full_00003.xml	35953545	80	system_only	ref.	were transfected with pC13N-dCas9-BFP-KRAB	53456	53412	4	42
collection_full_00003.xml	35953545	106	system_only	LPS	Millipore Sigma	69897	69902	3	15
collection_full_00003.xml	35953545	125	system_only	ref.	reference using Bowtie v.0.12.9	77725	77692	4	31
collection_full_00003.xml	35953545	128	system_only	ref.	were performed using Salmon v.1.4.0	78762	78725	4	35
collection_full_00003.xml	35953545	128	system_only	ref.	shrinkage of log-fold change for downstream visualization using ggplot2 v.3.3.3	80282	80201	4	79
collection_full_00003.xml	35953545	131	system_only	ref.	read10xCounts function from the DropletUtils package v.1.10.3	81542	81479	4	61
collection_full_00003.xml	35953545	154	system_only	e,g,i	different genes in iTF-Microglia with	91112	91073	5	37
collection_full_00003.xml	36026478	78	system_only	B2D	B220 (RA3-6B2, Biolegend, #103245, 1:150), RORgammaT	45231	45177	3	52
collection_full_00003.xml	36026478	82	system_only	II	Biosciences	45733	45740	2	11
collection_full_00003.xml	36076283	14	system_only	II	Bioscience	10220	10227	2	10
collection_full_00003.xml	36076283	15	system_only	SEMs	standard errors of the means	11084	11054	4	28
collection_full_00003.xml	36076283	226	system_only	H.S.	Research Fellowship to Promote Diversity	74537	74495	4	40
collection_full_00003.xml	36076283	226	system_only	M.A.M.	American Glaucoma Society Young Clinician Scientist Award	75108	75049	6	57
collection_full_00003.xml	36088481	3	system_only	ROS	proteins and free radicals such as oxygen free radicals	2659	2602	3	55
collection_full_00003.xml	36088481	44	system_only	exon 3	exons 1-13 exons Mfrp with a LoxP site upstream	48512	48463	6	47
collection_full_00003.xml	36088481	50	system_only	PBS	1xphosphate buffer saline	51516	51489	3	25
collection_full_00003.xml	35975998	12	system_only	M20	nm, 200 nm, or 2000 nm of Maraviroc	11005	10968	3	35
collection_full_00003.xml	35975998	12	system_only	A20	Maraviroc (M20, M200, M2000) or AMD3100	11035	10994	3	39
collection_full_00003.xml	35975998	28	system_only	tASTRO	transformed astrocyte-like cell line	25964	25926	6	36
collection_full_00003.xml	35975998	32	system_only	tNEU	transformed neuronal cell line	29494	29462	4	30
collection_full_00003.xml	35975998	44	system_only	LPS	cell types are listed below the histograms	41360	41316	3	42
collection_full_00003.xml	36118697	50	reference_only	MGMTp	MGMT gene promoter region	31459	31432	5	25
collection_full_00003.xml	36118697	96	reference_only	RBPS	6-RBP gene signature	57950	57928	4	20
collection_full_00003.xml	36118697	96	system_only	RBPS	RBP genes, a 6-RBP gene signature	57950	57915	4	33
collection_full_00003.xml	36118697	96	system_only	BRCA	Breast cancer susceptibility gene	58391	58356	4	33
collection_full_00003.xml	36118697	264	system_only	OOPS	protein-bound transcriptome using phase separation	90942	90890	4	50
collection_full_00003.xml	36140776	25	system_only	ii	resulting in the loss of Ser216;	13687	13653	2	32
collection_full_00003.xml	36140776	97	reference_only	G-I	genetics	32204	32194	3	8
collection_full_00003.xml	36153535	2	system_only	PCM	phenotype compared to plaque-distant microglia	580	532	3	46
collection_full_00003.xml	36153535	27	system_only	Leica	coronal sections were cut using a cryostat	12782	12738	5	42
collection_full_00003.xml	36153535	28	system_only	Leica	coronal sections were cut using a cryostat	13823	13779	5	42
collection_full_00003.xml	36153535	83	system_only	CM	Clec7a mRNA expression in control	54733	54698	2	33
collection_full_00003.xml	36153535	83	system_only	PAM	plaques-distant (PCM) and plaque-associated	54783	54738	3	43
collection_full_00003.xml	36153535	103	system_only	Efnb3	identify Ephrin-B3	76580	76560	5	18
collection_full_00003.xml	36163311	119	reference_only	pro	protease M	59734	59722	3	10
collection_full_00003.xml	36163311	142	system_only	Ia	II major histocompatibility complex	61966	61929	2	35
collection_full_00003.xml	36175737	47	system_only	VT	Visual inspection of 11C-CPPC total distribution volume	16918	16861	2	55
collection_full_00003.xml	36175737	48	system_only	VT	relative stability in 11C-CPPC total distribution volume	17464	17406	2	56
collection_full_00003.xml	36180478	20	system_only	Apoe	a marked upregulation of genes previously reported in disease-associated microglia	18354	18270	4	82
collection_full_00003.xml	36180478	73	system_only	II	negative selection approach	75610	75614	2	27
collection_full_00003.xml	36198765	33	system_only	IHC	microglial characterization	13796	13767	3	27
collection_full_00003.xml	36198765	33	system_only	dsRNA	exclude those microglia that only stained positive for viral RNA	14012	13946	5	64
collection_full_00003.xml	36231042	33	system_only	NG	next sought to compare SMase activity between HG and control	20448	20386	2	60
collection_full_00003.xml	36231042	119	system_only	mol%	Compositional analysis	47756	47732	4	22
collection_full_00003.xml	36231042	121	system_only	mol%	Compositional analysis	48445	48421	4	22
collection_full_00003.xml	36231042	123	system_only	mol%	Compositional analysis	49309	49285	4	22
collection_full_00003.xml	36230719	24	reference_only	AUC	area under the ROC curve	12844	12818	3	24
collection_full_00003.xml	36271414	17	reference_only	D	day	5162	5157	1	3
collection_full_00003.xml	36271414	31	system_only	Abeta	488-Abeta	20013	20020	5	9
collection_full_00003.xml	36290330	9	system_only	Cells	cells/mL	7820	7835	5	8
collection_full_00003.xml	36290330	23	reference_only	T-PBS	Tween 20- PBS	14829	14814	5	13
collection_full_00003.xml	36290330	23	system_only	PBS	T-PBS	14824	14829	3	5
collection_full_00003.xml	36290330	109	reference_only	CTR	CD206 in untreated cells	39241	39215	3	24
collection_full_00003.xml	36313581	34	reference_only	green	GFP fluorescence	21236	21218	5	16
collection_full_00003.xml	36313581	38	reference_only	green	GFP fluorescence	24779	24761	5	16
collection_full_00003.xml	36313581	53	system_only	iNOS	expression of nitric oxide synthase	40022	39985	4	35
collection_full_00003.xml	36254682	12	reference_only	cluster 6	cluster of 469 cells	8211	8189	9	20
collection_full_00003.xml	36254682	35	system_only	AD	and Methods	29200	29218	2	11
collection_full_00003.xml	36254682	37	system_only	LPS	P-values: PMouse<1x10-5	31913	31928	3	23
collection_full_00003.xml	36254682	68	reference_only	ncrna	non-coding RNA	49982	49966	5	14
collection_full_00003.xml	36254682	72	system_only	AD	AD' in 2018	50974	51013	2	11
collection_full_00003.xml	35977545	38	reference_only	top	temporal windows for proliferation levels	14191	14148	3	41
collection_full_00003.xml	36251998	30	system_only	COC	cocultured with MGLs	30468	30446	3	20
collection_full_00003.xml	36333818	25	system_only	Right	expressing phenotypic and proteopathy markers	24266	24219	5	45
collection_full_00003.xml	36333818	29	system_only	CALBINDIN	CALBINDIN, CALRETININ, and MAP2, specifically showed anatomical delineation of CA4-CA2	27425	27337	9	86
collection_full_00003.xml	36333818	33	reference_only	SYP(+)	synaptic channels	32370	32351	6	17
collection_full_00003.xml	36333818	34	system_only	TT	PHF1-TAU NFT-NTs dominant	33980	33953	2	25
collection_full_00003.xml	36333818	40	system_only	ND	non-proteopathy associated regions	41914	41878	2	34
collection_full_00003.xml	36220603	59	system_only	i.p.	in the plasma of the mouse models of LPS	29445	29403	4	40
collection_full_00003.xml	36220603	59	system_only	IV	univariate ANOVA	30774	30756	2	16
collection_full_00003.xml	36361956	15	system_only	TAU	the adult mature splice form of the MAPT gene	13221	13174	3	45
collection_full_00003.xml	36361956	56	system_only	NIH	National Institute of Health accessed on 1 January 2019	33522	33465	3	55
collection_full_00003.xml	36376339	47	system_only	FC	significant decrease in IL-1beta	33000	32966	2	32
collection_full_00003.xml	36376339	47	system_only	FC	significant decrease in CD200R1	33155	33122	2	31
collection_full_00003.xml	36376339	47	system_only	FC	significant increases in IL-1beta	33215	33180	2	33
collection_full_00003.xml	36376339	55	system_only	ITM	in the strongest microglial identity signal	38301	38256	3	43
collection_full_00003.xml	36376339	64	system_only	x-axis	expression (y-axis) per media	43466	43435	6	29
collection_full_00003.xml	36346385	31	system_only	Tnf	upregulating pro-inflammatory modulators	18723	18681	3	40
collection_full_00003.xml	36346385	39	system_only	UMAP	Uniform Manifold Approximation and Projection for Dimension Reduction	21916	21845	4	69
collection_full_00003.xml	36346385	41	system_only	Mif	mediators of the pro-inflammatory immune response	24688	24637	3	49
collection_full_00003.xml	36346385	108	system_only	TBS-T	Tris-buffered saline with 0.1% Tween-20	54611	54570	5	39
collection_full_00003.xml	36346385	115	system_only	Lin	lineage marker mix	58120	58100	3	18
collection_full_00003.xml	36346385	122	reference_only	EDC	1-ethyl-3-(3-dimethylaminopropyl)carbodiimide hydrochloride	61086	61025	3	59
collection_full_00003.xml	36346385	255	reference_only	scfas	short chain fatty acids	72287	72262	5	23
collection_full_00003.xml	36346385	331	reference_only	PD	PMID: 22350713	80291	80295	2	14
collection_full_00003.xml	36411434	17	reference_only	MMP	matrix metalloprotease	13054	13030	3	22
collection_full_00003.xml	36411434	17	system_only	MMP	microglia morphology, proliferation, migration, and matrix metalloprotease	13054	12978	3	74
collection_full_00003.xml	36360256	13	reference_only	het	Heterozygote	6631	6617	3	12
collection_full_00003.xml	36409292	6	system_only	GS	glia cells	1242	1230	2	10
collection_full_00003.xml	36409292	22	system_only	PBS	Supplementary Table S1 for antibody details	8310	8319	3	43
collection_full_00003.xml	36409292	22	system_only	PBS	Supplementary Table S2 for antibody details	8558	8567	3	43
collection_full_00003.xml	36409292	28	system_only	Eosin	Thermo Fisher Scientific	12414	12421	5	24
collection_full_00003.xml	36409292	39	system_only	SAG	S-antigen visual arrestin	18817	18790	3	25
collection_full_00003.xml	36466844	33	reference_only	Wuhan	were purchased from Proteintech Group	11659	11620	5	37
collection_full_00003.xml	36466844	50	system_only	OS	prognosis	16699	16688	2	9
collection_full_00003.xml	36466844	52	system_only	H2AX	H2A.X variant histone	17238	17215	4	21
collection_full_00003.xml	36497142	81	system_only	i.c.v.	immunoreactivity was also measured following LPS	23084	23034	6	48
collection_full_00003.xml	36499195	144	reference_only	E	early	42075	42068	1	5
collection_full_00003.xml	36510226	18	system_only	Ai9	strain 007909	6980	6985	3	13
collection_full_00003.xml	36510226	28	system_only	PBT	PBS with 0.5% bovine serum albumin and 0.5% Triton X-100	12580	12522	3	56
collection_full_00003.xml	36510226	34	system_only	OCT	to track retinal thinning	17764	17737	3	25
collection_full_00003.xml	36264636	54	reference_only	regulons	regulatory networks	48132	48111	8	19
collection_full_00003.xml	36264636	155	system_only	RA	were isolated and cultured from P17 OIR mice or control	69331	69274	2	55
collection_full_00003.xml	36512388	10	reference_only	contra	contralateral hemisphere	8120	8094	6	24
collection_full_00003.xml	36512388	19	system_only	UMAP	Uniform manifold approximation and projection 2D space	15407	15351	4	54
collection_full_00003.xml	36512388	29	system_only	eTc-IL10	cell transfected with pIL-10	28130	28100	8	28
collection_full_00003.xml	36512388	31	reference_only	IL-10	eTc-IL10	29755	29762	5	8
collection_full_00003.xml	36512388	31	system_only	eTc-IL10	either T cells secreting IL-10	29762	29730	8	30
collection_full_00003.xml	36512388	33	reference_only	IL-10	eTc-IL10	31447	31454	5	8
collection_full_00003.xml	36512388	33	system_only	eTc-IL10	the anti-inflammatory cytokine IL-10	31454	31416	8	36
collection_full_00003.xml	36512388	62	reference_only	IL-10	eTc-IL10	50646	50653	5	8
collection_full_00003.xml	36512388	62	system_only	eTc-IL10	Engineered T cells overexpressing IL-10	50653	50612	8	39
collection_full_00003.xml	36512388	68	system_only	CT	comparison to vehicle treated microglia	55668	55627	2	39
collection_full_00003.xml	36536457	56	system_only	AD	Tau4RDeltaK-AP mice	23846	23850	2	19
collection_full_00003.xml	36544231	92	system_only	AG	as microglia (MG), astrocyte	62157	62127	2	28
collection_full_00003.xml	36544231	93	system_only	NeuN	neurons (RBFOX3)+	63888	63869	4	17
collection_full_00003.xml	36544231	108	reference_only	Abeta+	analysis between Visium spots with AD pathology	77791	77742	6	47
collection_full_00003.xml	36553660	49	system_only	NDTR	human autopsied tissue repository	22652	22617	4	33
collection_full_00003.xml	36553660	54	system_only	MS	females and one male	25959	25967	2	20
collection_full_00003.xml	36553660	82	system_only	NWM	brainstem white matter of control individuals	37457	37410	3	45
collection_full_00003.xml	36553660	100	reference_only	B.B.	Bryan Bollman	50138	50144	4	13
collection_full_00003.xml	36553660	100	reference_only	B.B.	Bryan Bollman	50254	50260	4	13
collection_full_00003.xml	36553660	100	reference_only	B.B.	Barbara Bettegazzi	50282	50288	4	18
collection_full_00003.xml	36553660	100	reference_only	B.B.	Bryan Bollman	50578	50584	4	13
collection_full_00003.xml	36553660	100	reference_only	B.B.	Barbara Bettegazzi	50606	50612	4	18
collection_full_00003.xml	36548853	21	system_only	TR	isotropic, repetition time	10237	10209	2	26
collection_full_00003.xml	36548853	23	system_only	AN	vestibulocochlear nerve	12084	12059	2	23
collection_full_00003.xml	36548853	68	system_only	CEs	coefficients of error	31036	31013	3	21
collection_full_00003.xml	36548853	107	system_only	etc.	"LowestDilution IHC	 	AT-8	Mouse	Human, Mouse, Rat"	46173	46122	4	49
collection_full_00003.xml	36594818	236	reference_only	msigdb	molecular signatures database	115859	115828	6	29
collection_full_00003.xml	36375694	1	system_only	THIK-1	tandem pore domain halothane-inhibited K+ channel 1	596	543	6	51
collection_full_00003.xml	36375694	40	system_only	Y0-Plateau	Y0, Plateau+	26640	26627	10	12
collection_full_00003.xml	36375694	79	system_only	nH	min wash had a Hill slope	48330	48303	2	25
collection_full_00003.xml	36671003	19	reference_only	F-12	DMEM/F12	9352	9358	4	8
collection_full_00003.xml	36671003	19	system_only	DMEM/F12	Dulbecco's Modified Eagle Medium/Nutrient Mixture F-12	9358	9302	8	54
collection_full_00003.xml	36675286	69	reference_only	Gorilla	"""GO enrichment analysis and visualization tool"	36707	36659	7	46
collection_full_00003.xml	36675807	30	system_only	PBST	PBS with 0.1% Tween-20	13131	13107	4	22
collection_full_00003.xml	36675807	38	system_only	II	Jilin Shengda	15276	15280	2	13
collection_full_00003.xml	36675807	66	reference_only	J.S.	Jiaxing Sun	32677	32683	4	11
collection_full_00003.xml	36675807	66	reference_only	J.S.	Jiaxing Sun	32765	32771	4	11
collection_full_00003.xml	36675807	66	reference_only	L.W.	Lishi Wen	32818	32824	4	9
collection_full_00003.xml	36675807	66	reference_only	Z.Z.	Ziyi Zhou	32836	32842	4	9
collection_full_00003.xml	36675807	66	reference_only	L.W.	Liang Wang	32875	32881	4	10
collection_full_00003.xml	36675807	66	reference_only	L.W.	Lishi Wen	32919	32925	4	9
collection_full_00003.xml	36675807	66	reference_only	Z.Z.	Ziyi Zhou	32937	32943	4	9
collection_full_00003.xml	36675807	66	reference_only	Z.Z.	Zifeng Zhang	32955	32961	4	12
collection_full_00003.xml	36675807	66	reference_only	J.S.	Jingbo Su	32976	32982	4	9
collection_full_00003.xml	36675807	66	reference_only	J.S.	Jiaxing Sun	33085	33091	4	11
collection_full_00003.xml	36713360	121	reference_only	eano	european society of neuro-oncology	43098	43062	4	34
collection_full_00003.xml	36417438	21	system_only	MG	Microglial cell branch	21451	21427	2	22
collection_full_00003.xml	35788904	9	system_only	nUMI	number of expressed unique molecular identifier	8208	8159	4	47
collection_full_00003.xml	35788904	39	system_only	Mal	maltose binding protein	23607	23582	3	23
collection_full_00003.xml	35788904	41	reference_only	dpi	days post-SCI	25782	25767	3	13
collection_full_00003.xml	35788904	72	reference_only	NXPE	neurexophilin and PC-esterase	65292	65261	4	29
collection_full_00003.xml	35788904	72	system_only	NXPE	Nxpe3, a highly conserved neurexophilin and PC-esterase	65292	65235	4	55
collection_full_00003.xml	36779011	19	system_only	Biotium	EverBrite  mounting medium with DAPI and sealed with CoverGrip	11598	11533	7	62
collection_full_00003.xml	36779011	30	system_only	A,B	analysis of BV2 cells by MTT assay upon PQ	17562	17518	3	42
collection_full_00003.xml	36776827	4	reference_only	PLC	phospholipase C	3308	3291	3	15
collection_full_00003.xml	36776827	4	system_only	PLC	perspective, TLQP-21 ligation to cells activates phospholipase C	3308	3242	3	64
collection_full_00003.xml	36776827	42	system_only	TLQP-21	hTLQP-21	29393	29433	7	8
collection_full_00003.xml	36778912	50	system_only	NES	|NES| = 2.0875	23068	23073	3	14
collection_full_00003.xml	36573354	9	reference_only	IAA	iodoacetamide	4937	4922	3	13
collection_full_00003.xml	36573354	9	system_only	IAA	in methanol and a iodoacetamide	4937	4904	3	31
collection_full_00003.xml	36573354	77	system_only	II	Biosciences	35625	35632	2	11
collection_full_00003.xml	36573354	87	system_only	II	Life Technologies GmbH #18064014	39650	39654	2	32
collection_full_00003.xml	36573354	109	system_only	IN	Life Technologies GmbH #AM2694	44404	44408	2	30
collection_full_00003.xml	36793858	29	system_only	BioMasher	disposable micro tissue homogenizers for brain hemispheres	22181	22121	9	58
collection_full_00003.xml	36788477	60	reference_only	Biogrid	https://wiki.thebiogrid.org/doku.php/biogrid_tab_version_2.0	27910	27919	7	60
collection_full_00003.xml	36787231	130	system_only	Cpn	"Chlamydia
pneumoniae"	45647	45625	3	20
collection_full_00003.xml	36787231	136	reference_only	ivt	intravitreally	49794	49778	3	14
collection_full_00003.xml	36787231	140	reference_only	right	results of unbiased clustering using the Leiden algorithm	51820	51761	5	57
collection_full_00003.xml	36824752	58	system_only	APOE	have reported that several well-established AD risk genes	43613	43554	4	57
collection_full_00003.xml	36824752	282	reference_only	left	bottom-left quadrant of the respective heatmap	90164	90116	4	46
collection_full_00003.xml	36824752	284	reference_only	log2FC	log2(fold change)	91521	91502	6	17
collection_full_00003.xml	36824752	286	reference_only	log2FC	log2(fold change)	93647	93628	6	17
collection_full_00003.xml	36824976	20	system_only	Stim	post inflammation/OGD	19348	19325	4	21
collection_full_00003.xml	36824976	34	reference_only	EAE	encephalomyelitis mouse model	32727	32696	3	29
collection_full_00003.xml	36824976	34	system_only	EAE	experimental autoimmune encephalomyelitis mouse model	32727	32672	3	53
collection_full_00003.xml	36824976	56	system_only	PFA	paraformaldehyde in PBS	46876	46881	3	23
collection_full_00003.xml	36829182	4	system_only	Grn	progranulin	725	712	3	11
collection_full_00003.xml	36829182	22	system_only	Grn-/-	progranulin knockout	6750	6728	6	20
collection_full_00003.xml	36829182	35	system_only	VOI/	activity/mouse weight	12758	12772	4	21
collection_full_00003.xml	36829988	22	system_only	Rbpj	For Immunoglobulin Kappa J Region	9731	9696	4	33
collection_full_00003.xml	36829988	94	reference_only	ApoE(-/-)GPx1(-/-)	apolipoprotein E/GPx1	44590	44567	18	21
collection_full_00003.xml	36829988	113	reference_only	AT1	II(AngII) type 1 receptor	51598	51571	3	25
collection_full_00003.xml	36829988	131	reference_only	V.C.	Vittoria Cammisotto	58031	58037	4	19
collection_full_00003.xml	36829988	131	reference_only	G.F.	Giulia Ferrara	58071	58077	4	14
collection_full_00003.xml	36829988	131	reference_only	V.C.	Valentina Castellani	58170	58176	4	20
collection_full_00003.xml	36829988	131	reference_only	G.F.	Giulia Ferrara	58208	58214	4	14
collection_full_00003.xml	36829988	131	reference_only	G.F.	Giacomo Frati	58281	58287	4	13
collection_full_00003.xml	36830742	10	reference_only	OCs	Organotypic Brain Cultures	6103	6075	3	26
collection_full_00003.xml	36830742	17	reference_only	AF	AlexaFluor	10850	10838	2	10
collection_full_00003.xml	36830742	17	system_only	AF	as follows: AlexaFluor	10850	10826	2	22
collection_full_00003.xml	36830742	137	reference_only	OCs	organotypic brain cultures	38891	38863	3	26
collection_full_00003.xml	36827281	10	system_only	AD	barcodes is as follows: sample 1	8543	8509	2	32
collection_full_00003.xml	36827281	12	system_only	MTA	number T61.16 AND TR73.16	8864	8869	3	25
collection_full_00003.xml	36872323	6	system_only	IFNAR-/-	IFNAR expression in all cells	1803	1772	8	29
collection_full_00003.xml	36872323	27	system_only	FC	log2fold change	16794	16777	2	15
collection_full_00003.xml	36747024	9	system_only	WT	within CD68+ lysosomes of P2Y12+ microglia in 6-month AppWT	5042	4981	2	59
collection_full_00003.xml	36747024	34	reference_only	ADAM17	A Disintegrin and Metallopeptidase Domain 17	29530	29484	6	44
collection_full_00003.xml	36747024	34	system_only	ADAM17	and Metallopeptidase Domain 17	29530	29498	6	30
collection_full_00003.xml	36747024	47	reference_only	ip	intraperitoneal	43697	43680	2	15
collection_full_00003.xml	36747024	47	system_only	ip	IU of pregnant mare serum gonadotrophin via intraperitoneal	43697	43636	2	59
collection_full_00003.xml	36747024	72	reference_only	IHC	smFISH-IHC	58575	58580	3	10
collection_full_00003.xml	36747024	72	system_only	smFISH-IHC	smFISH combined with IHC	58580	58554	10	24
collection_full_00003.xml	36747024	217	system_only	IEEE	Intelligent Systems (ICINIS) 1-4	97628	97594	4	32
collection_full_00003.xml	36635496	6	system_only	refs.	increasing cell surface shedding of TREM2	2783	2740	5	41
collection_full_00003.xml	36635496	28	system_only	iMG	-derived WT microglia	15135	15112	3	21
collection_full_00003.xml	36635496	68	system_only	SUV	scaled group average images of FDG	39395	39359	3	34
collection_full_00003.xml	36635496	88	system_only	TBST	Tris-buffered saline solution containing 0.05% Tween	52179	52125	4	52
collection_full_00003.xml	36635496	106	system_only	LI-COR	blocked with Intercept Blocking Buffer	62891	62851	6	38
collection_full_00003.xml	36494582	66	system_only	ENTPD1	immune co-inhibition (BTN3A2, PDCD1LG2), others	29778	29729	6	47
collection_full_00003.xml	36580914	16	system_only	ExN	excitatory neuronal cell types	7764	7732	3	30
collection_full_00003.xml	36580914	16	system_only	InN	inhibitory neuronal cell types	7891	7859	3	30
collection_full_00003.xml	36934255	28	system_only	EtOH	method that involves washing out the chromogen using ethanol	17216	17154	4	60
collection_full_00003.xml	36934255	37	system_only	HALO	with unbiased digital methods	22271	22240	4	29
collection_full_00003.xml	36945572	29	system_only	DEMs	preprocessed gene expression matrices	15352	15313	4	37
collection_full_00003.xml	36945572	39	system_only	Sigma	slipped using Fluoromount  Aqueous Mounting Medium	22688	22636	5	50
collection_full_00003.xml	36945572	52	system_only	BL6/N	C57BL6/N	31495	31485	5	8
collection_full_00003.xml	36945572	96	system_only	CNER	Ethics in Research	82456	82436	4	18
collection_full_00003.xml	36945572	187	system_only	BL6-NB	C57BL6/N mouse normal brain	92629	92600	6	27
collection_full_00003.xml	36945572	189	system_only	BL6-NB	C57BL6/N mouse normal brain	93552	93523	6	27
collection_full_00003.xml	36945572	191	reference_only	red	hyper-ramified	94071	94055	3	14
collection_full_00003.xml	36945572	191	system_only	BL6-NB	C57BL6/N mouse normal brain	95008	94979	6	27
collection_full_00003.xml	36945572	193	system_only	BL6-NB	C57BL6/N mouse normal brain	96109	96080	6	27
collection_full_00003.xml	36945572	195	system_only	CTR	control is shown for each population	98508	98470	3	36
collection_full_00003.xml	36945572	199	system_only	CTR	control PDOXs P3	100703	100685	3	16
collection_full_00003.xml	36970154	18	system_only	PS1	presenilin 1 and 2	15219	15199	3	18
collection_full_00003.xml	36959625	43	reference_only	GAT1	GABA transporter 1	36377	36357	4	18
collection_full_00003.xml	36959625	43	system_only	GAT1	GAD2- and GABA transporter 1	36377	36347	4	28
collection_full_00003.xml	36959625	57	reference_only	SPARC	Secreted Protein Acidic And Cysteine Rich	49870	49827	5	41
collection_full_00003.xml	36959625	57	system_only	SPARC	endothelial-specific transcripts Secreted Protein Acidic And Cysteine Rich	49870	49794	5	74
collection_full_00003.xml	36959625	61	system_only	DM	mild SMAD inhibition	53611	53640	2	20
collection_full_00003.xml	36959625	72	reference_only	precursor	populations, inhibitory and excitatory neurons, astrocytes and oligodendrocyte	67031	66951	9	78
collection_full_00003.xml	36998724	69	system_only	ve	various systems and cells such as IBA1+	53264	53224	2	39
collection_full_00003.xml	36623884	18	reference_only	A	acid	13804	13830	1	4
collection_full_00003.xml	36979415	6	reference_only	OCN	osteocalcin	5024	5011	3	11
collection_full_00003.xml	36979415	6	system_only	OCN	on hippocampal CA3 neurons, mediates osteocalcin	5024	4974	3	48
collection_full_00003.xml	36979415	16	system_only	NY	University	9198	9186	2	10
collection_full_00003.xml	36979415	28	system_only	Tnovel/	Tnovel + Tfamiliar	14699	14707	7	18
collection_full_00003.xml	37016304	13	reference_only	FTD	frontotemporal lobar dementia	8397	8366	3	29
collection_full_00003.xml	37016304	62	system_only	NGF	instance, growth factors secreted by microglia	42974	42926	3	46
collection_full_00003.xml	37016414	7	system_only	PRV	encephalomyelitis virus (TMEV), Pseudorabies	5645	5599	3	44
collection_full_00003.xml	37032328	1	system_only	TSPO	Translocator protein	452	465	4	20
collection_full_00003.xml	37032328	6	system_only	TSPO	Translocator protein	2975	2988	4	20
collection_full_00003.xml	37032328	43	system_only	ii	Iba1 (TSPO+Iba1+) for microglia;	26844	26810	2	32
collection_full_00003.xml	37047207	166	system_only	Red	compared to controls	48165	48143	3	20
collection_full_00003.xml	36326588	92	system_only	N/As	missing values	13698	13682	4	14
collection_full_00003.xml	36326588	144	reference_only	cum	"Class Number	R2x"	40933	40915	3	16
collection_full_00003.xml	36326588	145	system_only	down-	down-regulated (up-) or up-regulated	43095	43057	5	36
collection_full_00003.xml	36871219	105	reference_only	NEDC	N-(1-Naphthyl) ethylenediamine dihydrochloride	71305	71257	4	46
collection_full_00003.xml	36871219	105	system_only	MSI	"Methods section ""brain preparation for spatial transcriptomics"""	71071	71085	3	63
collection_full_00003.xml	36871219	105	system_only	N-	1-Naphthyl	71257	71260	2	10
collection_full_00003.xml	37085528	37	reference_only	padj	P-adjusted value	18772	18754	4	16
collection_full_00003.xml	37085528	45	reference_only	SOD1	SOD1(G93A) mutation	22753	22732	4	19
collection_full_00003.xml	37101546	2	reference_only	BzATP	2'(3')-O-(4-benzoylbenzoyl)-ATP	847	814	5	31
collection_full_00003.xml	37101546	7	reference_only	BzATP	2'(3')-O-(4-benzoylbenzoyl)-ATP	5098	5065	5	31
collection_full_00003.xml	37101546	14	system_only	DMEM/F-12	Dulbecco's Modified Eagle's Medium F-12 Nutrient Mixture	8908	8850	9	56
collection_full_00003.xml	37101546	26	reference_only	macro	macroinstruction	17734	17716	5	16
collection_full_00003.xml	37101546	42	system_only	CTRL	cultures isolated from hP2X7R proficient	24221	24179	4	40
collection_full_00003.xml	36520483	14	reference_only	PDw	PD-, T1-, and MT-weighting	7247	7219	3	26
collection_full_00003.xml	36520483	45	reference_only	stds	standard deviations	25095	25074	4	19
collection_full_00003.xml	36520483	49	reference_only	stds	standard deviations	26783	26762	4	19
collection_full_00003.xml	36520483	50	reference_only	stds	standard deviations	27414	27393	4	19
collection_full_00003.xml	36520483	77	system_only	MTR	parameter related to MTsat	42283	42290	3	26
collection_full_00003.xml	36573432	28	system_only	on ice	hybridization, slices were postfixed in 4% paraformaldehyde	14377	14316	6	59
collection_full_00003.xml	35260865	141	system_only	ref.	were performed using DESeq2	79036	79007	4	27
collection_full_00003.xml	35260865	144	reference_only	mouse	module scores	80420	80405	5	13
collection_full_00004.xml	37123239	29	system_only	NC	increased by 4 times from the baseline	6912	6872	2	38
collection_full_00004.xml	37107284	8	reference_only	TAT	transactivator of transcription	4620	4587	3	31
collection_full_00004.xml	37107284	8	system_only	TAT	transcription	4620	4605	3	13
collection_full_00004.xml	37107284	33	system_only	C,	C	13534	13549	2	1
collection_full_00004.xml	37118836	82	system_only	rNLS	relationship temporally, we utilised brain tissue from bigenic NEFH-tTA/tetO-hTDP-43 NLS	51134	51044	4	88
collection_full_00004.xml	37127652	79	system_only	TR	paediatric neuro-pathologist	50752	50722	2	28
collection_full_00004.xml	37127652	90	system_only	panels a	panels is equivalent to the first row described above	63593	63538	8	53
collection_full_00004.xml	37147305	46	system_only	NOD-	known to drive inflammasome activation via NLRP3	48352	48302	4	48
collection_full_00004.xml	37147305	50	reference_only	ctrl	control	51022	51013	4	7
collection_full_00004.xml	37147305	50	reference_only	ctrl	control	51621	51612	4	7
collection_full_00004.xml	37147305	246	system_only	MHC-I	major histocompatibility complex of class I	126092	126047	5	43
collection_full_00004.xml	37147305	281	system_only	IEEE	International Conference on Bioinformatics and Biomedicine (BIBM) 202-207	130055	129980	4	73
collection_full_00004.xml	37214408	44	system_only	EtOH	binge-level amounts of ethanol	24235	24203	4	30
collection_full_00004.xml	37214408	58	reference_only	white	with interaction	36865	36847	5	16
collection_full_00004.xml	37214408	59	reference_only	white	with interaction	39907	39889	5	16
collection_full_00004.xml	37250784	71	system_only	e.g. Apoe	triggered significant upregulation of DAM-associated genes	31457	31397	9	58
collection_full_00004.xml	37250784	112	system_only	muL	nmol/muL	62510	62520	3	8
collection_full_00004.xml	37248507	15	system_only	Sigma	using 10 ml 0.2% heparin	10107	10081	5	24
collection_full_00004.xml	37248507	48	reference_only	D	days	33620	33614	1	4
collection_full_00004.xml	37248507	59	system_only	NES	ranked DEG list	44008	43991	3	15
collection_full_00004.xml	37254100	26	system_only	PHATE	"PhateR uses the ""potential of heat diffusion for affinity-based embedding"""	13126	13050	5	74
collection_full_00004.xml	37254100	70	system_only	MAFB	musculoaponeurotic fibrosarcoma oncogene homolog B	40008	39956	4	50
collection_full_00004.xml	37254100	70	system_only	TAF1	protein associated factor 1	41949	41920	4	27
collection_full_00004.xml	37293543	18	reference_only	o/n	overnight	9504	9493	3	9
collection_full_00004.xml	37293543	18	system_only	e.g.,	validated using NKCC1 knockout (-/-) mice	10751	10708	5	41
collection_full_00004.xml	37293543	35	system_only	A1	ammonis region 1; CA3, cornu ammonis region 3. Scale bars:	20984	20924	2	58
collection_full_00004.xml	37293543	35	system_only	B1	bars: (A1) 150 mum;	20998	20977	2	19
collection_full_00004.xml	37293629	1	system_only	ARC	arcuate nucleus of the hypothalamus	521	484	3	35
collection_full_00004.xml	37293629	5	system_only	ARC	arcuate nucleus of the hypothalamus	3655	3618	3	35
collection_full_00004.xml	37293629	11	system_only	ICE	Thermo-Fischer	7047	7052	3	14
collection_full_00004.xml	37293629	25	system_only	ARC	arcuate nucleus of the hypothalamus	16163	16126	3	35
collection_full_00004.xml	37293629	31	system_only	KEGG	Adipocytokine signaling pathway	20388	20355	4	31
collection_full_00004.xml	37293629	38	system_only	GOBP	Regulation of microtubule polymerization	24015	23973	4	40
collection_full_00004.xml	37258678	8	reference_only	AD	and APPNLGF	4821	4831	2	11
collection_full_00004.xml	37258678	18	reference_only	EAE	Extended Data Fig. 4e	13254	13259	3	21
collection_full_00004.xml	37258678	32	system_only	Apoe	substantial upregulation of lipid-metabolism-related genes	27091	27031	4	58
collection_full_00004.xml	37258678	52	system_only	ref.	crossbreeedings: 5xFAD	42177	42153	4	22
collection_full_00004.xml	37258678	61	reference_only	once	of methanol:dichloromethane	50499	50470	4	27
collection_full_00004.xml	37258678	73	system_only	Diatome	equipped with a Histo diamond knife	64584	64547	7	35
collection_full_00004.xml	37258678	79	reference_only	Intas	imaged using a ChemoStar fluorescent imager	69330	69285	5	43
collection_full_00004.xml	37258678	82	system_only	GO	biological process	73120	73124	2	18
collection_full_00004.xml	37258678	108	system_only	DG	and AppNLGF mice in	89628	89607	2	19
collection_full_00004.xml	37258678	108	system_only	pMY	respective myelin-mutant genotype	92410	92375	3	33
collection_full_00004.xml	37258678	120	system_only	Iba1	corralling by amyloid (6E10), microglia	107238	107197	4	39
collection_full_00004.xml	37258678	120	system_only	Iba1	corralling by amyloid (6E10), microglia	108067	108026	4	39
collection_full_00004.xml	37258678	120	system_only	Iba1	corralling by amyloid (6E10), microglia	108937	108896	4	39
collection_full_00004.xml	37258678	120	system_only	Iba1	animals by amyloid (6E10), microglia	110280	110242	4	36
collection_full_00004.xml	37258678	120	system_only	Iba1	animals by amyloid (6E10), microglia	110668	110630	4	36
collection_full_00004.xml	37303601	13	system_only	E-MCNs	Meanwhile, MCNs were constructed by resting-state EEG features	9824	9760	6	62
collection_full_00004.xml	37303601	15	system_only	HAMD	Hamilton Depression Rating Scale	14503	14469	4	32
collection_full_00004.xml	37303601	56	system_only	TX	Texas Southwestern Medical Center	48930	48895	2	33
collection_full_00004.xml	37303601	155	reference_only	sloreta	Standardized low resolution brain electromagnetic tomography	69929	69867	7	60
collection_full_00004.xml	37296418	2	reference_only	prh	progressive hydrocephalus	422	395	3	25
collection_full_00004.xml	37296418	15	reference_only	prh	progressive hydrocephalus	6713	6686	3	25
collection_full_00004.xml	37296418	39	system_only	WT	untreated-WT Fig. 3B	23754	23775	2	20
collection_full_00004.xml	37296418	93	system_only	E.I.	the Promotion of Science	54787	54761	4	24
collection_full_00004.xml	37298976	102	system_only	FCCP	p-Trifluoromethoxy carbonyl cyanide phenylhydrazone	33463	33469	4	51
collection_full_00004.xml	37317973	42	system_only	HBSS+	HBSS with 2 mM EDTA and 0.5% BSA	34219	34226	5	32
collection_full_00004.xml	37317973	160	reference_only	red	recycled TREM2	64700	64684	3	14
collection_full_00004.xml	37317973	160	reference_only	red	recycled CD36	64853	64838	3	13
collection_full_00004.xml	37317973	162	reference_only	red	Representative images of BODIPY	65837	65804	3	31
collection_full_00004.xml	37317973	162	reference_only	red	Representative images of BODIPY	66029	65996	3	31
collection_full_00004.xml	37317973	162	reference_only	red	Representative images of BODIPY	66302	66269	3	31
collection_full_00004.xml	37317973	166	reference_only	red	Representative images of CD68	69156	69125	3	29
collection_full_00004.xml	37340466	22	system_only	i.e.,	combined	10401	10391	5	8
collection_full_00004.xml	37340466	34	system_only	UMAP	Uniform Manifold Approximation and Projection for Dimension Reduction	16560	16489	4	69
collection_full_00004.xml	37340466	45	reference_only	F_AD-M_AD	female AD versus male AD	22336	22310	9	24
collection_full_00004.xml	37340466	45	system_only	AD	F_AD-M_AD	22332	22336	2	9
collection_full_00004.xml	37363567	18	reference_only	NF-kappaB	nuclear factor kappa-light-chain-enhancer of activated B cells	7198	7134	9	62
collection_full_00004.xml	37353538	64	system_only	n.s.	considered significant	60378	60354	4	22
collection_full_00004.xml	37372936	117	system_only	p.o.	dose-dependent blockade by idazoxan	44841	44804	4	35
collection_full_00004.xml	37398389	8	system_only	Fe	free indium 1153+ ions and captured endogenous iron	8478	8425	2	51
collection_full_00004.xml	37398389	25	reference_only	MSC-morph	MSC calculation with morphological features	28798	28753	9	43
collection_full_00004.xml	37398389	198	reference_only	magenta	masking (blue) Pan-Abeta	90043	90017	7	24
collection_full_00004.xml	37398389	205	reference_only	top	through low-plex immunohistochemistry:	91937	91897	3	38
collection_full_00004.xml	37398302	19	system_only	LPS	Millipore Sigma	9094	9099	3	15
collection_full_00004.xml	37391572	35	reference_only	c	cell	28556	28550	1	4
collection_full_00004.xml	37391572	35	system_only	sEVs in	sEVs were defined as cytoplasmic	27965	27931	7	32
collection_full_00004.xml	37391572	36	system_only	sEV in	sEVs localized in the cytoplasm	31883	31850	6	31
collection_full_00004.xml	37391572	41	system_only	EE	are colocalized with Rab5	37159	37132	2	25
collection_full_00004.xml	37391572	44	system_only	NT	in the absence	39967	39951	2	14
collection_full_00004.xml	37391572	45	system_only	NT	in the absence	41169	41153	2	14
collection_full_00004.xml	37391572	47	system_only	NT	in the absence	43293	43277	2	14
collection_full_00004.xml	37391572	50	system_only	NT	in the absence	46693	46677	2	14
collection_full_00004.xml	37391572	52	system_only	NT	in the absence	49995	49979	2	14
collection_full_00004.xml	37391572	56	reference_only	EIPA	5-(N-ethyl-N-isopropyl) amiloride	55157	55122	4	33
collection_full_00004.xml	37351595	75	reference_only	c	control	27121	27112	1	7
collection_full_00004.xml	37415834	10	system_only	ntg	non-transgenic litter mates	6672	6643	3	27
collection_full_00004.xml	37415834	15	system_only	iMGL	cell-derived microglia	10139	10115	4	22
collection_full_00004.xml	37415834	38	system_only	TBS-T	TBS with 0.1% Tween-20	22071	22047	5	22
collection_full_00004.xml	37441592	22	reference_only	Addgene	and cloned the target sequences into the lentiCRISPRv2 vector	13833	13770	7	61
collection_full_00004.xml	37441592	30	reference_only	SMAD3	siSMAD3	18435	18442	5	7
collection_full_00004.xml	37441592	30	system_only	NC-m	synthetic mimic control	18378	18353	4	23
collection_full_00004.xml	37441592	30	system_only	siSMAD3	small interfering RNA against SMAD3	18442	18405	7	35
collection_full_00004.xml	37441592	30	system_only	siCtrl	nonspecific control siRNA	18481	18454	6	25
collection_full_00004.xml	37441592	195	reference_only	NT-Exos-NC-m	NT-Exos transfected with synthetic mimic control	57025	56975	12	48
collection_full_00004.xml	37441592	196	reference_only	SMAD3	siSMAD3	60012	60019	5	7
collection_full_00004.xml	37441592	196	system_only	NC-m	synthetic mimic control	58709	58684	4	23
collection_full_00004.xml	37441592	196	system_only	siCtrl	nonspecific control siRNA	59971	59944	6	25
collection_full_00004.xml	37441592	196	system_only	siSMAD3	small interfering RNA against SMAD3	60019	59982	7	35
collection_full_00004.xml	37464408	46	system_only	BD	antibodies: PE-CF594 mouse anti-human CD14	18776	18732	2	42
collection_full_00004.xml	37464408	62	reference_only	C	cells	31195	31188	1	5
collection_full_00004.xml	37464408	71	system_only	ii	in abundance in carriers (Fig. 1C), and	37203	37162	2	39
collection_full_00004.xml	37498903	3	reference_only	CXCL	C-X-C motif chemokine ligand	2714	2684	4	28
collection_full_00004.xml	37498903	11	reference_only	F-12	DMEM-F12	7922	7928	4	8
collection_full_00004.xml	37498903	11	system_only	DMEM-F12	Dulbecco's modified Eagle medium nutrient mixture F-12	7928	7872	8	54
collection_full_00004.xml	37498903	35	reference_only	red	rhodamine-labeled WGA	21916	21893	3	21
collection_full_00004.xml	37520693	87	system_only	dN_M	median microglia marker expression in dissociated cells of type N	51168	51101	4	65
collection_full_00004.xml	37500667	26	reference_only	sens	sensitivity	18853	18840	4	11
collection_full_00004.xml	37500667	26	reference_only	spe	specificity	18876	18863	3	11
collection_full_00004.xml	37500667	62	system_only	MSS	Materials and Supplementary Fig. S24	44529	44552	3	36
collection_full_00004.xml	37509002	41	reference_only	M1	M1C:Primary motor	22867	22848	2	17
collection_full_00004.xml	37509002	41	reference_only	S1	S1C:Primary somatosensory	22906	22879	2	25
collection_full_00004.xml	37509002	41	reference_only	A1	A1C:Primary auditory	22940	22918	2	20
collection_full_00004.xml	37509002	41	reference_only	V1	V1C:Primary visual	23091	23071	2	18
collection_full_00004.xml	37509002	63	reference_only	Y.Z.	Ying Zhu	33702	33708	4	8
collection_full_00004.xml	37509002	63	reference_only	Y.Z.	Ying Zhu	33732	33738	4	8
collection_full_00004.xml	37509002	63	reference_only	Y.Z.	Ying Zhu	33759	33765	4	8
collection_full_00004.xml	37509002	63	reference_only	Y.Z.	Yuqiu Zhou	33779	33785	4	10
collection_full_00004.xml	37509002	63	reference_only	Y.Z.	Ying Zhu	33810	33816	4	8
collection_full_00004.xml	37509002	63	reference_only	Y.Z.	Yuqiu Zhou	33827	33833	4	10
collection_full_00004.xml	37509002	63	reference_only	Y.Z.	Yuqiu Zhou	33872	33878	4	10
collection_full_00004.xml	37509002	63	reference_only	Y.Z.	Yuqiu Zhou	33915	33921	4	10
collection_full_00004.xml	37509002	63	reference_only	Y.Z.	Yuqiu Zhou	33954	33960	4	10
collection_full_00004.xml	37509002	63	reference_only	Y.Z.	Yuqiu Zhou	33997	34003	4	10
collection_full_00004.xml	37509002	63	reference_only	Y.Z.	Ying Zhu	34053	34059	4	8
collection_full_00004.xml	37509002	63	reference_only	Y.Z.	Yuqiu Zhou	34073	34079	4	10
collection_full_00004.xml	37509002	63	reference_only	Y.Z.	Yuqiu Zhou	34120	34126	4	10
collection_full_00004.xml	37509002	63	reference_only	Y.Z.	Ying Zhu	34163	34169	4	8
collection_full_00004.xml	37509002	63	reference_only	Y.Z.	Yuqiu Zhou	34183	34189	4	10
collection_full_00004.xml	37509002	63	reference_only	Y.Z.	Ying Zhu	34215	34221	4	8
collection_full_00004.xml	37509002	63	reference_only	Y.Z.	Ying Zhu	34256	34262	4	8
collection_full_00004.xml	37509002	63	reference_only	Y.Z.	Ying Zhu	34294	34300	4	8
collection_full_00004.xml	37511195	59	system_only	dT	carried out in the presence of oligo	37394	37356	2	36
collection_full_00004.xml	37511195	68	system_only	TAX	the antihypoxic actions of classical dihydroquercetin	41789	41734	3	53
collection_full_00004.xml	37513726	22	system_only	NOG	NODShi.CgPrkdcscid Il2rgtm1Sug	21524	21492	3	30
collection_full_00004.xml	37513726	22	system_only	DRAG	NOD.Cg-Rag1tm1Mom Il2rgtm1Wjl Tg	22324	22290	4	32
collection_full_00004.xml	37513726	230	reference_only	NSG	NOD-scid IL-2Rgamma(-/-)	71564	71538	3	24
collection_full_00004.xml	37537664	30	system_only	WT	were then incubated with SARS-CoV-2 isolates	11586	11540	2	44
collection_full_00004.xml	37537664	32	system_only	WT	with SARS-CoV-2 isolates	12497	12471	2	24
collection_full_00004.xml	37537664	38	system_only	WT	with SARS-CoV-2 isolates	14762	14736	2	24
collection_full_00004.xml	37537664	50	system_only	red	different donors/passages are presented in percentage of the uninfected control	21472	21391	3	79
collection_full_00004.xml	37537664	63	reference_only	Fig. 1A	Figure 1 shows that astrocytes	25966	25934	7	30
collection_full_00004.xml	37537664	68	system_only	WT	were slightly increased after 2	29269	29236	2	31
collection_full_00004.xml	37537664	69	reference_only	vi	viral replication;	30555	30535	2	18
collection_full_00004.xml	37537168	3	system_only	AD	neurodegenerative disorders such as Alzheimer's	2547	2498	2	47
collection_full_00004.xml	37537168	29	system_only	S100B	S100 calcium-binding protein B	20222	20190	5	30
collection_full_00004.xml	37537168	34	system_only	N-M-A-Nt	and microglia in transfer experiments	23746	23707	8	37
collection_full_00004.xml	37537168	35	system_only	FAD/	FAD	24526	24541	4	3
collection_full_00004.xml	37537168	70	system_only	CD43	clusters of differentiation 43, 34, 235, 41, 45, 117	45249	45195	4	52
collection_full_00004.xml	37542039	1	system_only	TRM	tissue-resident memory T cells	733	701	3	30
collection_full_00004.xml	37542039	5	system_only	TRM	tissue-resident memory T cells	3637	3605	3	30
collection_full_00004.xml	37542039	33	system_only	TRM	tissue-resident memory T cells	22125	22093	3	30
collection_full_00004.xml	37523555	3	system_only	SOD1G93A	superoxide dismutase-1 G93A mouse model of ALS	1303	1255	8	46
collection_full_00004.xml	37523555	54	system_only	II	Sigma Aldrich	46504	46508	2	13
collection_full_00004.xml	37523555	72	reference_only	PBST	PBS, 0.3% Triton X-100	52978	52954	4	22
collection_full_00004.xml	37523555	72	reference_only	PBST	PBS, 0.3% Triton X-100	53617	53593	4	22
collection_full_00004.xml	37555828	17	system_only	no LPS	control samples	10496	10479	6	15
collection_full_00004.xml	37555828	50	reference_only	C	cells	33939	33932	1	5
collection_full_00004.xml	37575265	3	system_only	NLRs	nucleotide-binding oligomerization domain and leucine-rich repeat-containing receptors	3416	3328	4	86
collection_full_00004.xml	37188501	53	reference_only	C	cerebellum	39815	39803	1	10
collection_full_00004.xml	37569378	152	reference_only	red	row: dead cells	37452	37435	3	15
collection_full_00004.xml	37266840	25	system_only	NEB	NEBNext Ultra  RNA Library Prep Kit for Illumina	11879	11829	3	48
collection_full_00004.xml	37597109	7	system_only	elF3	proteasome and translation initiation factor 3	6716	6668	4	46
collection_full_00004.xml	37597109	15	reference_only	MMF	medetomidine and fentanyl	12767	12740	3	25
collection_full_00004.xml	37597109	46	system_only	RO	returning the cells/organotypic slices to normoxic conditions with glucose-containing medium	29894	29800	2	92
collection_full_00004.xml	37597109	55	system_only	PBS-T	PBS containing 0.5% Triton X-100	33616	33582	5	32
collection_full_00004.xml	37597109	71	system_only	NAD	and isocitrate dehydrogenase	53043	53013	3	28
collection_full_00004.xml	37366075	42	system_only	SIVE	SIV-infected, AIDS animals with encephalitis	15420	15374	4	44
collection_full_00004.xml	37366075	47	system_only	a-c	and T cells, respectively, in human	19867	19830	3	35
collection_full_00004.xml	37226029	30	reference_only	MGI Tech	MGI DNBSEQ-2000RS with reagent chemistry V3.1	19839	19792	8	45
collection_full_00004.xml	37645844	37	reference_only	Cx3cr1creERT	B6.129P2(C)-Cx3cr1tm2.1(cre/ERT2)Jung/J	28813	28772	12	39
collection_full_00004.xml	37645844	37	system_only	Cx3cr1creERT	-Cx3cr1tm2.1(cre/ERT2)Jung/J	28813	28783	12	28
collection_full_00004.xml	37645844	157	system_only	ref.	RNA-Seq obtained from the previous publication	49773	49725	4	46
collection_full_00004.xml	37645844	196	reference_only	Top	the microglia genome is sparse	56677	56645	3	30
collection_full_00004.xml	37681876	18	system_only	TBS	The membrane was treated with LI-COR Intercept	12674	12626	3	46
collection_full_00004.xml	37689689	47	system_only	day 0	untreated and FTY720-treated resident immune cells after injury	28011	27946	5	63
collection_full_00004.xml	37689689	52	system_only	RPE	vascular plexus and choriocapillaris	32753	32763	3	36
collection_full_00004.xml	37689689	52	system_only	day 0	untreated and FTY720-treated retinas after injury	33741	33690	5	49
collection_full_00004.xml	37689689	58	reference_only	red	representative sections stained for CD45	38490	38448	3	40
collection_full_00004.xml	37689689	61	system_only	day 0	untreated and FTY720-treated, and Rag1 KO retinas after injury	42630	42566	5	62
collection_full_00004.xml	37689689	83	system_only	T cells	retinas, cells of the adaptive immune system	68123	68077	7	44
collection_full_00004.xml	37269061	49	system_only	MO	meninges and other extracerebral regions	26918	26876	2	40
collection_full_00004.xml	37698546	100	system_only	TCA	citric acid cycle	47507	47488	3	17
collection_full_00004.xml	37698546	124	system_only	Cacoa	case-control based expression shifts	64611	64573	5	36
collection_full_00004.xml	37698546	282	system_only	Cacoa	case-control based expression shifts	81598	81560	5	36
collection_full_00004.xml	37726826	18	system_only	CC	cellular components, and molecular activities	7583	7536	2	45
collection_full_00004.xml	37746666	13	system_only	Des	and pericytes	7361	7346	3	13
collection_full_00004.xml	37746666	33	system_only	Igf1r	insulin-like growth factor 1 (Igf1) receptor	23372	23326	5	44
collection_full_00004.xml	37737190	19	reference_only	i.c.	intracranial infections	6857	6832	4	23
collection_full_00004.xml	37737190	19	system_only	i.c.	infections	6857	6845	4	10
collection_full_00004.xml	37737190	32	reference_only	II	I-A/I-E	13850	13854	2	7
collection_full_00004.xml	37737190	32	system_only	I-A/I-E	Brilliant Violet  711-MHC Class II	13854	13818	7	34
collection_full_00004.xml	37737190	50	reference_only	sr	steradian	23182	23171	2	9
collection_full_00004.xml	37737190	54	reference_only	FSC/SSC	forward scatter and side scatter light	25044	25004	7	38
collection_full_00004.xml	37737190	57	system_only	UMAP	Uniform Manifold Approximation and Projection for Dimension Reduction	28402	28331	4	69
collection_full_00004.xml	37737190	58	system_only	UMAP	Uniform Manifold Approximation and Projection for Dimension Reduction	29338	29267	4	69
collection_full_00004.xml	37737190	128	system_only	ESF	ESF, 2014-2020, project number ZS/2016/08/80645	47830	47781	3	47
collection_full_00004.xml	37695891	44	reference_only	CAG-Env	C57BL6/J;129P2/Ola-Hprttm(CAG-Env)	42233	42197	7	34
collection_full_00004.xml	37695891	58	system_only	TBS-T	TBS containing 0.02% Triton	52951	52958	5	27
collection_full_00004.xml	37695891	58	system_only	TBS-T	TBS containing 0.02% Triton	54297	54304	5	27
collection_full_00004.xml	37695891	60	system_only	EAE	each marker setup 3 (CPZ) or 4	55726	55694	3	30
collection_full_00004.xml	37745404	16	system_only	Methods	performed gene ontology enrichments on lineage-divergent GREs	11538	11475	7	61
collection_full_00004.xml	37745404	18	system_only	TFBS	transcription factor (TF) binding sites	12753	12712	4	39
collection_full_00004.xml	37745404	25	system_only	RDGs	number of lineage-divergent GRE links	19495	19456	4	37
collection_full_00004.xml	37745404	164	reference_only	left	lineage in fetal	51694	51676	4	16
collection_full_00004.xml	37745404	166	reference_only	f	fetal	52108	52101	1	5
collection_full_00004.xml	37745404	169	reference_only	f	fetal	53776	53769	1	5
collection_full_00004.xml	37745404	169	system_only	y-axis	category (x-axis) and lineage	53407	53376	6	29
collection_full_00004.xml	37758703	11	system_only	SCs	micro-dissected LGNs and superior colliculi	4803	4758	3	43
collection_full_00004.xml	37758703	39	system_only	b-c	between no crush and ONC for both microglia	26641	26596	3	43
collection_full_00004.xml	37758703	58	system_only	CHX10-Cre	Tg(Chx10-EGFP/cre,-ALPP)2Clc/J: JAX Stock No: 005105	43517	43528	9	52
collection_full_00004.xml	37765332	3	system_only	pTau	hyperphosphorylated tau	1892	1867	4	23
collection_full_00004.xml	37765332	5	reference_only	PAMAM	poly(amidoamine)	3617	3599	5	16
collection_full_00004.xml	37765332	25	system_only	TBST	The membranes were washed with 1XTBS with tween-20	15339	15287	4	50
collection_full_00004.xml	37765332	136	reference_only	red	Representative hippocampal images showing Cy5-D-DPTIP signal	49659	49597	3	60
collection_full_00004.xml	37790313	147	system_only	Cq	RT-qPCR quantification cycle	55241	55211	2	28
collection_full_00004.xml	37790525	7	system_only	GRN	Progranulin	7390	7377	3	11
collection_full_00004.xml	37790525	19	system_only	MF	engraftment of donor-derived GFP+ macrophages	19922	19875	2	45
collection_full_00004.xml	37790525	27	system_only	Disease-MG	disease MG from a neuropathic LSD characterized by microgliosis	28093	28028	10	63
collection_full_00004.xml	37790525	34	system_only	GRN	Progranulin	33621	33608	3	11
collection_full_00004.xml	37790525	53	reference_only	PEG400	Poly(ethylene glyco) Mn 400	49936	49907	6	27
collection_full_00004.xml	37790525	89	system_only	UMAP	Uniform Manifold Approximation and Projection for Dimension Reduction	75295	75224	4	69
collection_full_00004.xml	37790525	236	system_only	F4/80	anti-F4/80 Nd146 antibody	107347	107354	5	25
collection_full_00004.xml	37790525	238	system_only	MAC-2	anti-Mac2 Eu163 antibody	108787	108794	5	24
collection_full_00004.xml	37790525	238	system_only	CD169	anti-CD169 Er170 antibody	108824	108831	5	25
collection_full_00004.xml	37790525	240	system_only	WT	wild type C57BL/6 mice	109865	109841	2	22
collection_full_00004.xml	37795080	38	system_only	OD	Bio-Tek measured the absorbance	8815	8782	2	31
collection_full_00004.xml	37803069	16	reference_only	MG	microglia	8787	8776	2	9
collection_full_00004.xml	37803069	16	system_only	MG	module genes were predominantly expressed in microglia	8787	8731	2	54
collection_full_00004.xml	37803069	33	reference_only	AS	astrocytes	19984	19972	2	10
collection_full_00004.xml	37803069	33	system_only	AS	A subset of genes was associated with astrocytes	19984	19934	2	48
collection_full_00004.xml	37817184	9	reference_only	NF-kappaB	nuclear factor kappa-light-chain-enhancer of activated B cells	4973	4984	9	62
collection_full_00004.xml	37829495	63	system_only	S1	See Figures 13A-D,G,H for representative images	39237	39241	2	47
collection_full_00004.xml	37269057	28	system_only	TBST	Tris-buffered saline containing 0.5% Tween- 20	13182	13134	4	46
collection_full_00004.xml	37886540	13	system_only	AS	and clinical features by board-certified neurologists	7751	7696	2	53
collection_full_00004.xml	37886540	117	reference_only	B	blue	50712	50706	1	4
collection_full_00004.xml	37886540	121	reference_only	green	guides demonstrating detection of native STMN2 RNA	53346	53294	5	50
collection_full_00004.xml	37886510	9	system_only	Grn-/-	progranulin	5693	5680	6	11
collection_full_00004.xml	37886510	15	system_only	D-PBS	Dulbecco's PBS with calcium, magnesium, glucose, and pyruvate	9399	9336	5	61
collection_full_00004.xml	37886510	46	system_only	Grn-/-	progranulin	26504	26491	6	11
collection_full_00004.xml	37886510	69	system_only	GRN	progranulin	52401	52388	3	11
collection_full_00004.xml	37886510	129	system_only	LPS	Microglia Responses to Pro-inflammatory Stimuli	60528	60479	3	47
collection_full_00004.xml	37907966	65	reference_only	red	up-regulated	34835	34821	3	12
collection_full_00004.xml	37923721	62	system_only	ROSMAP	Religious Orders Study or Rush Memory and Aging Project	43757	43700	6	55
collection_full_00004.xml	37923721	99	reference_only	F-12	DMEM/F12	64409	64415	4	8
collection_full_00004.xml	37923721	99	system_only	DMEM/F12	Dulbecco's Modified Eagle Medium/Nutrient Mixture F-12	64415	64359	8	54
collection_full_00004.xml	37941008	14	system_only	EphA	erythropoietin-producing hepatocellular carcinoma receptors type A	4321	4253	4	66
collection_full_00004.xml	37941008	43	system_only	NHS	and then stained with 0.5uM pHrodo  Red succinimidyl	18149	18095	3	52
collection_full_00004.xml	37941008	68	reference_only	E-H	EphA4 KO	33416	33406	3	8
collection_full_00004.xml	37953264	10	system_only	hmC	methylation (mC) and hydroxymethylation	2685	2644	3	39
collection_full_00004.xml	37953264	43	system_only	LINEs	microglia in all analyzed repeat elements	27056	27013	5	41
collection_full_00004.xml	37953264	98	system_only	CH	each CpG and non-CpG	71090	71068	2	20
collection_full_00004.xml	37953264	110	system_only	Ni	annealing temperature	80445	80422	2	21
collection_full_00004.xml	37311691	40	system_only	pSI	expression is dynamic over time, the specificity index threshold	20458	20392	3	64
collection_full_00004.xml	37981650	4	reference_only	GI	gastrointestinal	1786	1768	2	16
collection_full_00004.xml	37981650	4	system_only	GI	gut inflammation is associated with microbiotia changes and gastrointestinal	1786	1708	2	76
collection_full_00004.xml	37981650	18	reference_only	red	Representative image of CD11c	13350	13319	3	29
collection_full_00004.xml	37981650	25	system_only	Snca	significant levels of alphaSyn mRNA	19448	19411	4	35
collection_full_00004.xml	37981650	49	system_only	EV	empty AAV1/2	37651	37637	2	12
collection_full_00004.xml	37996943	15	system_only	ACD	RNAscope Hydrogen Peroxide Solution	9169	9132	3	35
collection_full_00004.xml	38022591	29	system_only	TBS-T	TBS with 0.1% Triton-X 100	12507	12514	5	26
collection_full_00004.xml	38022591	50	system_only	MS	encephalomyelitis	24711	24739	2	17
collection_full_00004.xml	38033772	15	system_only	MA	"""Migraine With or Without Aura"	5405	5373	2	30
collection_full_00004.xml	38033772	17	reference_only	NP	nociceptors	6273	6260	2	11
collection_full_00004.xml	38033772	17	system_only	NP	non-peptidergic nociceptors	6273	6244	2	27
collection_full_00004.xml	38033772	17	system_only	vasc/endoth	neurovascular endothelial cells	6451	6418	11	31
collection_full_00004.xml	38037097	26	system_only	Lrg1-/-	Lrg1 knockout mice	8278	8258	7	18
collection_full_00004.xml	38037097	42	reference_only	A2	ab216386	13831	13835	2	8
collection_full_00004.xml	38037097	94	system_only	Fig. 6I	of Microglia_C5, Microglia_C6, and Microglia_C7	47296	47247	7	47
collection_full_00004.xml	38036535	36	system_only	NP	endophenotypes of AD	24095	24073	2	20
collection_full_00004.xml	38036535	62	system_only	SNP	using PLINK: genotype call rate	45539	45506	3	31
collection_full_00004.xml	38036535	76	reference_only	three	the number of genotype PCs we covaried	57500	57460	5	38
collection_full_00004.xml	38041169	33	system_only	WT	showed different cytokine genes expression in microglia of the Tg-Mlkl+/+	30198	30123	2	73
collection_full_00004.xml	38041169	66	system_only	USA	Fluorescent secondary antibodies were purchased from Invitrogen	52406	52341	3	63
collection_full_00004.xml	38041169	68	system_only	TBS-T	Tris-buffered saline with 0.1% Tween-20	53378	53385	5	39
collection_full_00004.xml	38041169	73	system_only	MSD	measured on a SECTOR Imager 2400 reader	55848	55807	3	39
collection_full_00004.xml	38076913	7	system_only	SR-C	selective vulnerability (SV-C) and resilience	6500	6453	4	45
collection_full_00004.xml	38076913	33	system_only	SR-C	selective vulnerability (SV-C) and resilience	24786	24739	4	45
collection_full_00004.xml	38076913	33	system_only	SR-G	selective vulnerability (SV-G) and resilience	25703	25656	4	45
collection_full_00004.xml	38082266	2	reference_only	IR	ischemia and reperfusion	244	218	2	24
collection_full_00004.xml	38082266	2	system_only	IR	in retinal ischemia and reperfusion	244	207	2	35
collection_full_00004.xml	38082266	6	system_only	NLRP3	nucleotide-binding domain and leucine-rich repeat containing protein 3	1145	1073	5	70
collection_full_00004.xml	38082266	28	reference_only	RBMPS	RNA binding protein, mRNA processing factor	10734	10689	5	43
collection_full_00004.xml	38082266	66	reference_only	L-Opa1/S-Opa1	long Opa1 isoform to short Opa1 isoform	30912	30871	13	39
collection_full_00004.xml	38106160	10	system_only	CD	contained the following macronutrient content per calorie: Control	8274	8206	2	66
collection_full_00004.xml	38106160	32	system_only	KEGG	"""Chemokine signaling pathway"""	23074	23043	4	29
collection_full_00004.xml	38110990	39	reference_only	KI	knockin	24181	24172	2	7
collection_full_00004.xml	38110990	39	system_only	KI	kinase activity, immunofluorescence for pRab10 was performed using G2019S-LRRK2 knockin	24181	24092	2	87
collection_full_00004.xml	38110990	111	reference_only	Seattle	latter's operations are approved by the Western Institutional Review Board	52548	52472	7	74
collection_full_00004.xml	38032195	30	system_only	HuNu+	human nuclear antigen positive	22242	22210	5	30
collection_full_00004.xml	38032195	31	reference_only	green	gag-pol RNAScope FISH demonstrated HIV-1 vRNA expression	24172	24114	5	56
collection_full_00004.xml	38127790	48	system_only	Tem	effector memory	28552	28535	3	15
collection_full_00004.xml	38127790	50	system_only	Tem	effector memory	29837	29820	3	15
collection_full_00004.xml	38127790	50	system_only	Tem	CX3CR1int memory	30863	30845	3	16
collection_full_00004.xml	38127790	51	system_only	Trm	tissue-resident memory T cells	31166	31134	3	30
collection_full_00004.xml	38127790	52	system_only	Trm	tissue-resident memory T cells	31654	31622	3	30
collection_full_00004.xml	38127790	55	system_only	Trm	tissue-resident memory T cells	32913	32881	3	30
collection_full_00004.xml	38127790	62	reference_only	C	center	38461	38453	1	6
collection_full_00004.xml	38127790	100	system_only	APC	antibodies: CD45RA (PE, clone HI100, #304108), CD45RO	64250	64195	3	53
collection_full_00004.xml	38132144	16	reference_only	PICOs	Population, Intervention, Outcome, and Study Type	13079	13028	5	49
collection_full_00004.xml	38132144	19	system_only	TEP	the expert opinion of a third reviewer	14317	14277	3	38
collection_full_00004.xml	38132144	25	system_only	Abeta	fact, beta-amyloid	18434	18414	5	18
collection_full_00004.xml	38132144	42	system_only	AD	DAM/MGnD/ARM	29510	29514	2	12
collection_full_00004.xml	38132144	68	system_only	NTBI	transferrin-bound (TBI) and non-transferrin-bound	71103	71052	4	49
collection_full_00004.xml	38110615	23	system_only	LPS	Millipore Sigma	12560	12565	3	15
collection_full_00004.xml	38191490	25	system_only	GRN-KD	progranulin knockdown	23141	23118	6	21
collection_full_00004.xml	38191490	65	system_only	LS	Photothermal Spectroscopy Corp.	60045	60049	2	31
collection_full_00004.xml	37988169	4	system_only	Abeta	extracellular beta-amyloid	1929	1901	5	26
collection_full_00004.xml	37988169	6	reference_only	AD	and 5xFAD	5403	5415	2	9
collection_full_00004.xml	37988169	9	system_only	pTau	hyperphosphorylated tau	6646	6621	4	23
collection_full_00004.xml	37988169	13	system_only	pTau	Supplemental Figure 4	10839	10845	4	21
collection_full_00004.xml	37988169	14	system_only	pTau	Supplemental Figure 6	11782	11788	4	21
collection_full_00004.xml	37988169	14	system_only	pTau	Supplemental Figure 6A	11934	11940	4	22
collection_full_00004.xml	37988169	14	system_only	pTau	Supplemental Figure 6B	12092	12098	4	22
collection_full_00004.xml	37988169	24	system_only	Gal3	Lgals3 in mice	22276	22282	4	14
collection_full_00004.xml	37988169	147	system_only	iMCM	medium collected from iMGL	63972	63944	4	26
collection_full_00004.xml	38250049	47	reference_only	biotin-HPDP	N-[6-(biotinamido) hexyl]-3'-(2'-pyridyldithio)propionamide	35855	35794	11	59
collection_full_00004.xml	38250049	90	system_only	NO	nitric oxide analysis kit	53622	53626	2	25
collection_full_00004.xml	38250049	105	reference_only	biotin-HPDP	N-[6-(biotinamido) hexyl]-3' -(2' -pyridyldithio)propionamide	60382	60319	11	61
collection_full_00004.xml	38250049	184	reference_only	C	cell	76245	76239	1	4
collection_full_00004.xml	38245794	16	system_only	UPR	including chaperones	13649	13654	3	20
collection_full_00004.xml	38245794	65	system_only	D.R.T.	under the microscope by a neuropathologist	59000	58956	6	42
collection_full_00004.xml	38245794	196	system_only	USA	various honoraria related to speaking engagements from Biogen	79634	79571	3	61
collection_full_00004.xml	38123840	24	system_only	cDC2	consisted of CAMs, type 2 conventional DCs	13904	13860	4	42
collection_full_00004.xml	38123840	43	reference_only	Y+	Y chromosome-positive	29241	29218	2	21
collection_full_00004.xml	38123840	112	system_only	ref.	compareCluster function from the clusterProfiler R package v.4.4.4	66745	66677	4	66
collection_full_00004.xml	38123840	186	reference_only	top	the macrophage	96330	96314	3	14
collection_full_00004.xml	38272949	9	system_only	mL	"media component	Concentration	Volume"	4328	4290	2	36
collection_full_00004.xml	38318390	127	system_only	II	Miltenyi Biotec	63872	63876	2	15
collection_full_00004.xml	38322416	12	reference_only	HuR	p38-MAPKAPK2-human antigen R	4553	4523	3	28
collection_full_00004.xml	38322416	56	reference_only	AUC	area under the ROC curve	20123	20097	3	24
collection_full_00004.xml	38322416	58	reference_only	mut	mutant	22154	22146	3	6
collection_full_00004.xml	38322416	75	system_only	Th	that MAPKAPK2 was positively correlated with neutrophils, eosinophils, helper T	30197	30116	2	79
collection_full_00004.xml	38343836	21	system_only	HLA-A	HLA class I genes	19243	19224	5	17
collection_full_00004.xml	38343836	95	reference_only	bottom	broad cell types in the leptomeninges	41201	41162	6	37
collection_full_00004.xml	38352874	16	system_only	A20FL	A20FLAppNL-G-F  mice and A20Cx3Cr1-KOAppNL-G-F  mice which do	8409	8346	5	61
collection_full_00004.xml	38352874	41	system_only	TM	toward DAMs	39917	39904	2	11
collection_full_00004.xml	38352874	67	system_only	II	Biosciences	63832	63839	2	11
collection_full_00004.xml	38352874	72	system_only	R2	read 2 primer sequence	68507	68511	2	22
collection_full_00004.xml	38365833	27	system_only	PISA	Prospective Imaging Studying of Aging: Genes, Brain and Behaviour study	12793	12720	4	71
collection_full_00004.xml	38365833	47	system_only	IMB	Institute for Molecular Bioscience Sequencing Facility	21951	21895	3	54
collection_full_00004.xml	38365833	94	reference_only	donors	Data points and n represent biological replicates	49350	49299	6	49
collection_full_00004.xml	38365833	100	reference_only	donors	Data points and n represent biological replicates	54468	54417	6	49
collection_full_00004.xml	38365833	126	system_only	NHMRC	National Health and Medical Research Council of Australia	67783	67724	5	57
collection_full_00004.xml	38365833	131	system_only	NHMRC	National Health and Medical Research Council of Australia	68976	68917	5	57
collection_full_00004.xml	38365833	167	system_only	PISA	prospective imaging study of ageing: genes, brain and behaviour	72265	72200	4	63
collection_full_00004.xml	38368935	20	system_only	PBST	PBS with 0.05% tween 20 detergent	19039	19004	4	33
collection_full_00004.xml	38389786	17	system_only	pAKT	Phospho-AKT [Ser473] cellular kit	10559	10565	4	33
collection_full_00004.xml	38389786	23	system_only	II	final concentration 0.5 mg/mL	15387	15391	2	29
collection_full_00004.xml	38389786	105	system_only	pTDP-43	anti-pTDP-43 [Ser409/410]	75882	75891	7	25
collection_full_00004.xml	38397909	3	system_only	Abeta	containing beta-amyloid	2290	2265	5	23
collection_full_00004.xml	38397909	3	system_only	pTau	hyperphosphorylated tau	2362	2337	4	23
collection_full_00004.xml	38397909	43	system_only	FTL+	of dystrophic morphology	39353	39327	4	24
collection_full_00004.xml	38397909	53	system_only	kME	network module assignment and module connectivities	47465	47412	3	51
collection_full_00004.xml	38397909	53	system_only	kME	network module assignment and module connectivities	47648	47595	3	51
collection_full_00004.xml	37716378	19	reference_only	BzATP	2'(3')-O-4-benzoylbenzoyl-ATP	9142	9111	5	29
collection_full_00004.xml	37716378	19	system_only	BzATP	-O-4-benzoylbenzoyl-ATP	9142	9117	5	23
collection_full_00004.xml	37716378	61	system_only	ASC	apoptosis-associated speck-like protein with CARD domain	35340	35282	3	56
collection_full_00004.xml	37716378	62	system_only	p-	phosphorylated	38999	38983	2	14
collection_full_00004.xml	37716378	68	reference_only	cyt	cytosolic	44955	44944	3	9
collection_full_00004.xml	38177535	25	reference_only	green	(G) Cells were immunostained for JEV NS1	10843	10801	5	40
collection_full_00004.xml	38177535	39	reference_only	B,C	(B-E) Neuro2a cells	21674	21653	3	19
collection_full_00004.xml	38177535	45	reference_only	yellow	Yellow-Blue	28206	28193	6	11
collection_full_00004.xml	38177535	65	reference_only	C	cells	45072	45065	1	5
collection_full_00004.xml	38177535	143	reference_only	yellow	Yellow-Blue	91925	91912	6	11
collection_full_00004.xml	38032732	102	system_only	CAG-Cre+	CAG-Cre+;Bmal1fl/fl global Bmal1-KO mice	45638	45596	8	40
collection_full_00004.xml	38032732	112	system_only	CAG-Cre+	CAG-Cre+;Bmal1fl/fl global Bmal1-KO	52496	52459	8	35
collection_full_00004.xml	38032732	112	system_only	CAG-Cre+	CAG-Cre+;Bmal1fl/fl global Bmal1-KO	53749	53712	8	35
collection_full_00004.xml	38409259	16	system_only	Vegfa	tissue-protective growth factors	12391	12357	5	32
collection_full_00004.xml	38409259	21	reference_only	EAE	Extended Data Fig. 3a-e	15903	15922	3	23
collection_full_00004.xml	38409259	31	system_only	T cells	CNS-infiltrating cell types	26739	26710	7	27
collection_full_00004.xml	38409259	61	system_only	NeuN-	non-neurological controls, and analyzed the extent of methylation in glial	54025	53949	5	74
collection_full_00004.xml	38409259	66	system_only	ref.	reported disease-ameliorating effects of the hypomethylating agent 5-Aza	60306	60232	4	72
collection_full_00004.xml	38409259	129	system_only	NNO	lesions, number of spinal cord lesions, optic neuritis	101221	101165	3	54
collection_full_00004.xml	38409259	179	reference_only	pre	pre-stimulation with HB-EGF	127410	127381	3	27
collection_full_00004.xml	38177242	23	system_only	IZ	localized Regions 2	27182	27161	2	19
collection_full_00004.xml	38177242	66	system_only	R2	read 2 primer sequence	74465	74469	2	22
collection_full_00004.xml	38177242	81	system_only	NIH	analyzed with FV10-ASW viewer (Olympus), ImageJ	83248	83199	3	47
collection_full_00004.xml	38438384	132	reference_only	PGC	https://www.med.unc.edu/pgc/download-results	73872	73890	3	44
collection_full_00004.xml	38438384	133	reference_only	PGC	https://www.med.unc.edu/pgc/download-results	74025	74043	3	44
collection_full_00004.xml	38438384	134	reference_only	PGC	https://www.med.unc.edu/pgc/download-results	74275	74293	3	44
collection_full_00004.xml	38351133	59	system_only	DC	D.I, Nuclei are ordered in a three-dimensional diffusion map	30350	30288	2	60
collection_full_00004.xml	38450383	10	system_only	E4KI	ApoE4/4-KI	10208	10196	4	10
collection_full_00004.xml	38450383	17	system_only	E3/3	APOE3/3	21670	21661	4	7
collection_full_00004.xml	38476460	16	system_only	II	Miltenyi Biotec	10038	10042	2	15
collection_full_00004.xml	38476460	18	system_only	HBSS(w)	HBSS with calcium and magnesium	10312	10279	7	31
collection_full_00004.xml	38385967	9	system_only	WT	w/o the administrator of APC	5300	5270	2	28
collection_full_00004.xml	38385967	24	reference_only	left	Log2FC value, 5xFAD versus WT	16639	16608	4	29
collection_full_00004.xml	38473822	5	system_only	CSF1	hCSF1 mice express human mCSF	5675	5644	4	29
collection_full_00004.xml	38347225	41	system_only	F-BRI2	for BRI2 FLAG-tagged at the NH2-terminal cytoplasmic tail	25669	25610	6	57
collection_full_00004.xml	38347225	75	system_only	C-X3-C	Cx3cr1CreER/wt animals contain a modified version of the chemokine	60199	60131	6	66
collection_full_00004.xml	38347225	132	system_only	ms	"Meso Scale Diagnostics	k15200g	 	U-PLEX Custom Biomarker Group 1"	111979	111913	2	64
collection_full_00004.xml	38009365	2	system_only	En2  -/-	Engrailed-2 knockout mice	393	366	8	25
collection_full_00004.xml	38009365	3	system_only	En2-/-	Engrailed-2 knockout mice	1942	1915	6	25
collection_full_00004.xml	38009365	14	system_only	WT	was used to generate the En2  +/+	5229	5193	2	33
collection_full_00004.xml	38009365	48	reference_only	ASD	a more comprehensive discussion	19032	19041	3	31
collection_full_00004.xml	38509618	33	system_only	Apoe	elevated expressions of the DAM- and/or MGnD-related genes	28163	28103	4	58
collection_full_00004.xml	38509618	60	system_only	S.S.	Association Career Development Award 933134	45910	45865	4	43
collection_full_00004.xml	38195869	26	system_only	Tnf	the upregulation of CCI-induced inflammatory factors	24255	24201	3	52
collection_full_00004.xml	38524847	8	reference_only	mRNA	(mRNA)a   HMGB1	14313	14296	4	15
collection_full_00004.xml	38524847	8	system_only	mRNA	"mM EtOH	hippocampal- entorhinal cortex organotypic slice culture	  HMGB1"	14655	14581	4	72
collection_full_00004.xml	38524847	8	system_only	mRNA	"hippocampal- entorhinal cortex organotypic slice culture	Ethanol dose dependently   HMGB1"	14821	14730	4	89
collection_full_00004.xml	38524847	8	system_only	mRNA	HMGB1, TLR4, TNFalpha, IkBalpha	15527	15494	4	31
collection_full_00004.xml	38524847	8	system_only	IHC	"AIE	Hippocampus	  HMGB1"	15798	15773	3	23
collection_full_00004.xml	38532383	18	system_only	Sigma	CCS with 20 mg/mL Protease	11706	11678	5	26
collection_full_00004.xml	38532383	28	system_only	BD	buffer and analyzed using FlowJo	17258	17224	2	32
collection_full_00004.xml	38532383	56	system_only	TWEAK	factor-like weak inducer of apoptosis	37677	37638	5	37
collection_full_00004.xml	38532383	57	system_only	MHC-I	mediating the cytotoxic effect of T cells	38741	38774	5	41
collection_full_00004.xml	38542263	32	reference_only	Ts65Dn	a/A-Ts (1716)65Dn	24264	24245	6	17
collection_full_00004.xml	38542077	203	reference_only	SMAD	Co-SMAD	59173	59179	4	7
collection_full_00004.xml	38542077	203	system_only	Co-SMAD	common mediator SMAD	59179	59157	7	20
collection_full_00004.xml	38566100	8	reference_only	MPP+	model and 1-Methyl-4-phenylpyridinium	4974	4935	4	37
collection_full_00004.xml	38566100	8	system_only	MPP+	1-Methyl-4-phenylpyridinium	4974	4945	4	27
collection_full_00004.xml	38566100	65	system_only	IFN-I	differences in Type I interferon	29549	29515	5	32
collection_full_00004.xml	38412451	5	reference_only	PLGA	poly(lactic-co-glycolic acid)	4787	4756	4	29
collection_full_00004.xml	38412451	6	system_only	PCC	Primary Cortical Cells	6084	6060	3	22
collection_full_00004.xml	38412451	36	system_only	MSD	multiplex ELISA according to the manufacturer's specification	13323	13260	3	61
collection_full_00004.xml	38412451	47	system_only	Dh	Including Hydrodynamic Diameter	20802	20769	2	31
collection_full_00004.xml	38412451	47	system_only	PDI	"Polydispersity
Index"	20843	20821	3	20
collection_full_00004.xml	38412451	49	system_only	PDI	"polydispersity
index"	21432	21410	3	20
collection_full_00004.xml	38412451	64	system_only	GFAP	glial fibrillary acidic protein	35992	35959	4	31
collection_full_00004.xml	38566128	32	system_only	DEMs	preprocessed gene expression matrices	16839	16800	4	37
collection_full_00004.xml	38566128	43	system_only	Sigma	slipped using Fluoromount  Aqueous Mounting Medium	24119	24067	5	50
collection_full_00004.xml	38566128	54	system_only	BL6-NB	C57BL6/N mouse normal brain	31002	30973	6	27
collection_full_00004.xml	38566128	57	system_only	BL6/N	C57BL6/N	34542	34532	5	8
collection_full_00004.xml	38566128	62	system_only	BL6-NB	C57BL6/N mouse normal brain	39104	39075	6	27
collection_full_00004.xml	38566128	66	reference_only	red	hyper-ramified	42481	42465	3	14
collection_full_00004.xml	38566128	66	system_only	BL6-NB	C57BL6/N mouse normal brain	43436	43407	6	27
collection_full_00004.xml	38566128	71	system_only	BL6-NB	C57BL6/N mouse normal brain	48332	48303	6	27
collection_full_00004.xml	38566128	80	system_only	CTR	control is shown for each population	59463	59425	3	36
collection_full_00004.xml	38566128	93	system_only	CTR	control PDOXs P3	75641	75623	3	16
collection_full_00004.xml	38566128	121	system_only	CNER	committees: the National Committee for Ethics in Research	101196	101137	4	57
collection_full_00004.xml	38584255	141	system_only	Abeta	mediating beta amyloid	45923	45899	5	22
collection_full_00004.xml	38600587	32	reference_only	GEM	gel beads in emulsions	12987	12963	3	22
collection_full_00004.xml	38600587	72	reference_only	BSA/PBS	BSA in PBS	31908	31896	7	10
collection_full_00004.xml	38600587	72	system_only	PBS	BSA/PBS	31903	31908	3	7
collection_full_00004.xml	38600587	91	system_only	C+++	enriched media	42216	42200	4	14
collection_full_00004.xml	38600587	103	system_only	DAS	identify accessible chromatin regions	51265	51226	3	37
collection_full_00004.xml	38607069	21	system_only	iDEP	integrated Differential Expression and Pathway analysis software	11154	11088	4	64
collection_full_00004.xml	38607069	52	reference_only	LANUV	Landesamt fur Natur-, Umwelt- und Verbraucherschutz NRW	29765	29708	5	55
collection_full_00004.xml	38607069	88	system_only	LPS	Microglia Responses to Pro-inflammatory Stimuli	32610	32561	3	47
collection_full_00004.xml	38607069	93	reference_only	c	cells;	33534	33526	1	6
collection_full_00004.xml	38607069	94	system_only	DEG	differential gene expression analysis	33848	33809	3	37
collection_full_00004.xml	38617282	29	system_only	Macro-6	dominant CAM phenotype from CD14lowCD16hi	28112	28069	7	41
collection_full_00004.xml	38645176	35	reference_only	Cx3cr1CreER	B6.129P2(Cg)-Cx3cr1tm2.1(cre/ERT2)Litt/WganJ	33271	33225	11	44
collection_full_00004.xml	38645176	35	system_only	Cx3cr1CreER	-Cx3cr1tm2.1(cre/ERT2)Litt/WganJ	33271	33237	11	32
collection_full_00004.xml	38645176	65	system_only	ACD	RNA-Protein Co-Detection Ancillary Kit	51554	51514	3	38
collection_full_00004.xml	38643236	165	reference_only	5A	6-Methyl-4-(4,4,5,5-tetramethyl-1,3,2-dioxaborolan-2-yl)-1-tosyl-1H-pyrrolo[2,3-c]pyridin-7(6H)-one	95619	95518	2	99
collection_full_00004.xml	38643236	166	system_only	X-PHOS	2-dicyclohexylphosphino-2',4',6'-triisopropylbiphenyl	95907	95852	6	53
collection_full_00004.xml	38643236	199	system_only	ESI+	procedure as mentioned in step h. MS	107613	107575	4	36
collection_full_00004.xml	38643236	201	reference_only	M+	m/z 353.1	108163	108152	2	9
collection_full_00004.xml	38643236	201	system_only	ESI+	procedure as mentioned in step h. MS	108146	108108	4	36
collection_full_00004.xml	38643236	203	system_only	ESI+	procedure as mentioned in step h. MS	108740	108702	4	36
collection_full_00004.xml	38643236	207	reference_only	M+	m/z 353.4	109951	109940	2	9
collection_full_00004.xml	38643236	207	system_only	ESI+	procedure as mentioned in step h. MS	109934	109896	4	36
collection_full_00004.xml	38643236	210	reference_only	2B	N-((1,3-Dioxolan-2-yl)methyl)-4-bromo-N-methyl-1H-pyrrole-2-carboxamide	110637	110564	2	71
collection_full_00004.xml	38643236	212	reference_only	3B	3-Bromo-6-methyl-1H-pyrrolo[2,3-c]pyridin-7(6H)-one	111535	111482	2	51
collection_full_00004.xml	38643236	216	reference_only	5B	6-Methyl-3-(4,4,5,5-tetramethyl-1,3,2-dioxaborolan-2-yl)-1-tosyl-1H-pyrrolo[2,3-c]pyridin-7(6H)-one	112940	112839	2	99
collection_full_00004.xml	38643236	243	reference_only	M+	m/z 353.4	120150	120139	2	9
collection_full_00004.xml	38643236	268	system_only	GRN	progranulin	123938	123925	3	11
collection_full_00004.xml	38660385	26	reference_only	SSs	supplemental somatosensory cortex	11904	11869	3	33
collection_full_00004.xml	38660385	26	system_only	SSs	somatosensory cortex	11904	11882	3	20
collection_full_00004.xml	38660385	27	system_only	top	visualization of pcGs	14055	14032	3	21
collection_full_00004.xml	38660385	28	system_only	GABA	GABAergic inhibitory neurons	14395	14365	4	28
collection_full_00004.xml	38660385	42	system_only	pcGs	specific genes included Col12a1 and Cpa6	29077	29035	4	40
collection_full_00004.xml	38660385	42	system_only	pcG	specific genes consisted of Egfem1 and Cd63	29295	29250	3	43
collection_full_00004.xml	38660385	47	reference_only	GMs	gene co-expression modules	33393	33365	3	26
collection_full_00004.xml	38660385	50	system_only	Sncg	significantly higher in non-MGE-derived GABA	38917	38871	4	44
collection_full_00004.xml	38671993	48	reference_only	Arnt	alterations of both HIF-1beta	27692	27661	4	29
collection_full_00004.xml	38671993	48	system_only	Arnt	transcriptional alterations of both HIF-1beta	27692	27645	4	45
collection_full_00004.xml	38702399	6	system_only	Treg	therapy, especially using CD4+CD25+ regulatory T	3915	3865	4	48
collection_full_00004.xml	38702399	48	reference_only	ICC	immunocytochemistry	23069	23048	3	19
collection_full_00004.xml	38702399	48	system_only	ICC	in cytotoxic T cells and Treg cells through immunocytochemistry	23069	23004	3	63
collection_full_00004.xml	38702399	55	system_only	TD	MSCV-CCR4-transduced Treg cells	26992	26959	2	31
collection_full_00004.xml	38707493	49	system_only	"A,
B"	are plotted before	22152	22131	4	18
collection_full_00004.xml	38707493	58	reference_only	IHH	individuals with intracranial hypertension	25489	25445	3	42
collection_full_00004.xml	38722375	6	reference_only	NAWM	non-demyelinated white matter	3761	3730	4	29
collection_full_00004.xml	38722375	6	system_only	NAWM	normal appearing non-demyelinated white matter	3761	3713	4	46
collection_full_00004.xml	38722375	12	reference_only	LANUV	"""Landesamt fur Natur, Umwelt und Verbraucherschutz Nordrhein-Westfalen"""	8338	8265	5	71
collection_full_00004.xml	38722375	74	system_only	ANOVA	variability in old individuals	41498	41466	5	30
collection_full_00004.xml	38722375	74	system_only	ANOVA	variability in old individuals	41992	41960	5	30
collection_full_00004.xml	38722375	88	system_only	iN	Interestingly, directly converted neurons	55369	55326	2	41
collection_full_00004.xml	38539015	5	system_only	Tau	concomitant neuropathologies	4256	4226	3	28
collection_full_00004.xml	38539015	14	system_only	ref.	derived from mouse models of Abeta pathology, including AppNL-G-F	9362	9295	4	65
collection_full_00004.xml	38539015	61	reference_only	FIAU	1-(2-deoxy-2-fluoro-1-d-arabinofuranosyl)-5-iodouracil	52344	52288	4	54
collection_full_00004.xml	38766241	15	reference_only	monomer	monomeric alpha-Syn	8473	8452	7	19
collection_full_00004.xml	38766241	250	system_only	PFF	hPFF	50921	50915	3	4
collection_full_00004.xml	38784709	20	system_only	IB	"IB	 	Primary antibodies		 	Rabbit anti-beta-actin	Cell signaling technology Cat#4970	1:5,000"	9754	9660	2	92
collection_full_00004.xml	38784709	20	system_only	IB	"anti-IBA1	Abcam cat# ab178846	1:1,000"	10093	10054	2	37
collection_full_00004.xml	38784709	20	system_only	IB	"antibodies cat#HPA014518	1:1,000"	10296	10262	2	32
collection_full_00004.xml	38784709	20	system_only	IB	"sigma cat#MAB377	1:2,000"	10371	10345	2	24
collection_full_00004.xml	38784709	20	system_only	IHC	"signaling technology cat#12389S	1:200"	10997	10958	3	37
collection_full_00004.xml	38784709	20	system_only	IHC	"signaling technology cat#2258S	1:200"	11068	11030	3	36
collection_full_00004.xml	38784709	20	system_only	IB	"IgG	LI-COR biosciences cat#926-68,071	1:20,000"	11329	11281	2	46
collection_full_00004.xml	38784709	20	system_only	IB	"IgG	LI-COR biosciences cat#926-68,070	1:20,000"	11411	11363	2	46
collection_full_00004.xml	38784709	20	system_only	IB	"IgG	LI-COR biosciences cat#926-32,211	1:20,000"	11494	11446	2	46
collection_full_00004.xml	38784709	20	system_only	IB	"IgG	LI-COR biosciences cat#926-32,210	1:20,000"	11576	11528	2	46
collection_full_00004.xml	38784709	20	system_only	IHC	"Thermofisher scientific cat#A21207	1:2000"	11670	11627	3	41
collection_full_00004.xml	38784709	20	system_only	IHC	"Thermofisher Scientific cat#A11029	1:2000"	11762	11719	3	41
collection_full_00004.xml	38784709	23	system_only	86i	UCSD086i-6-3	12454	12440	3	12
collection_full_00004.xml	38784709	23	system_only	87i	UCSD087i-6-4	12483	12469	3	12
collection_full_00004.xml	38784709	32	system_only	TBS-T	TBS with 0.1% Tween 20	17282	17289	5	22
collection_full_00004.xml	38784709	45	system_only	Aii	formation media 5, or	22910	22887	3	21
collection_full_00004.xml	38403918	89	system_only	PLX3397	PLX3397/kg chow	10267	10286	7	15
collection_full_00004.xml	38403918	89	system_only	PLX5622	PLX5622/kg chow	10306	10326	7	15
collection_full_00004.xml	38403918	113	system_only	II	Lavision Biotec GmbH	25163	25167	2	20
collection_full_00004.xml	38403918	134	system_only	Apoe	an upregulation of genes involved in metabolism	43540	43491	4	47
collection_full_00004.xml	38785531	20	system_only	TBST	Tris-buffered saline containing 0.1% Tween-20	8766	8719	4	45
collection_full_00004.xml	38785531	93	reference_only	PARP1	poly(ADP-ribose) polymerase 1	33923	33892	5	29
collection_full_00004.xml	38802924	22	reference_only	Treg	Th17 cells, regulatory T	13751	13725	4	24
collection_full_00004.xml	38802924	82	system_only	293T	HEK293T	56450	56441	4	7
collection_full_00004.xml	38826319	20	system_only	BLA	both amygdala bulk tissues	6460	6432	3	26
collection_full_00004.xml	38826319	37	system_only	PRS	PRS-trait regression R2 value	14777	14794	3	29
collection_full_00004.xml	38826319	40	system_only	dACC	identify genes associated with chronic pain in cortical	15259	15202	4	55
collection_full_00004.xml	38129659	9	system_only	E83	glutamate 83	6595	6581	3	12
collection_full_00004.xml	38129659	20	system_only	poly (I:C)	polyinosine-polycytidylic acid	15119	15087	10	30
collection_full_00004.xml	38129659	29	reference_only	WAMs	were identified and termed white matter-associated microglia	21094	21032	4	60
collection_full_00004.xml	38129659	68	system_only	II	Biosciences	39235	39242	2	11
collection_full_00004.xml	38129659	79	system_only	poly (I:C)	polyinosinic-polycytidylic acid sodium salt	43797	43752	10	43
collection_full_00004.xml	38840206	13	system_only	II	Miltenyi Biotec	6698	6702	2	15
collection_full_00004.xml	38840206	19	system_only	TBST	Tris-buffered saline containing 0.1% Tween-20	10316	10269	4	45
collection_full_00004.xml	38840206	30	system_only	SD	presented as mean	17367	17348	2	17
collection_full_00004.xml	38840206	37	system_only	SD	presented as mean	21913	21894	2	17
collection_full_00004.xml	38840206	46	system_only	SD	presented as mean	28185	28166	2	17
collection_full_00004.xml	38840206	46	system_only	SD	presented as mean	29661	29642	2	17
collection_full_00004.xml	38840206	53	system_only	SD	presented as mean	33897	33878	2	17
collection_full_00004.xml	38840206	53	system_only	SD	presented as mean	34632	34613	2	17
collection_full_00004.xml	38840206	53	system_only	SD	presented as mean	34804	34785	2	17
collection_full_00004.xml	38849813	32	reference_only	stat	statistic	18502	18491	4	9
collection_full_00004.xml	38849813	34	reference_only	stat	statistic	18743	18732	4	9
collection_full_00004.xml	38849813	34	system_only	stat	used the Wald test statistic	18743	18713	4	28
collection_full_00004.xml	38849813	36	reference_only	stat	statistic	20018	20007	4	9
collection_full_00004.xml	38849813	36	system_only	stat	used the Wald test statistic	20018	19988	4	28
collection_full_00004.xml	38849813	40	system_only	AD	integrated dataset split by condition	21975	21936	2	37
collection_full_00004.xml	38849813	40	system_only	AD	across conditions	22050	22031	2	17
collection_full_00004.xml	38849813	70	reference_only	Zenodo	10.5281/zenodo.10214497	50849	50862	6	23
collection_full_00004.xml	38849813	70	reference_only	Zenodo	10.5281/zenodo.10211622	50950	50963	6	23
collection_full_00004.xml	38849813	70	reference_only	Zenodo	10.5281/zenodo.10214660	51142	51155	6	23
collection_full_00004.xml	38883776	12	reference_only	IL-	interleukin	5456	5443	3	11
collection_full_00004.xml	38883776	17	system_only	Grn-/-	progranulin-deficient	9385	9362	6	21
collection_full_00004.xml	38883776	23	system_only	D-PBS	Dulbecco's PBS with calcium, magnesium, glucose, and pyruvate	13313	13250	5	61
collection_full_00004.xml	38883776	71	system_only	GRN	progranulin	50210	50197	3	11
collection_full_00004.xml	38883776	247	system_only	LPS	Microglia Responses to Pro-inflammatory Stimuli	64510	64461	3	47
collection_full_00004.xml	38879499	18	reference_only	WT	wildtype	10571	10561	2	8
collection_full_00004.xml	38879499	18	system_only	WT	were crossed to produce experimental Cst7-/- mice and wildtype	10571	10507	2	62
collection_full_00004.xml	38879499	18	system_only	Cst7+/+	Cst7-/- mice and wildtype (WT) controls	10585	10544	7	39
collection_full_00004.xml	38879499	20	system_only	Cst7+/+	Cst7-/- mice and control	11604	11578	7	24
collection_full_00004.xml	38879499	22	system_only	S510-518	acids 510-518	14694	14679	8	13
collection_full_00004.xml	38879499	47	system_only	LFB	myelin fibers blue	32645	32657	3	18
collection_full_00004.xml	38886816	32	reference_only	Cx3Cr1-CreERT	B6.129P2(Cg)-Cx3cr1tm2.1(cre/ERT2)Litt/WganJ	28645	28660	13	44
collection_full_00004.xml	38886816	32	reference_only	ROSA26mT/mG	B6.129(Cg)-Gt(ROSA)26Sortm4(ACTB-tdTomato,-EGFP)Luo/J	28707	28720	11	53
collection_full_00004.xml	38886816	40	system_only	PBS-T	PBS with 0.1% Tween-20	32528	32535	5	22
collection_full_00004.xml	38895459	60	system_only	III	Scientific	38242	38260	3	10
collection_full_00004.xml	38895459	202	system_only	100X	"Cat#11330-032	 	GlutaMAX"	64016	63990	4	24
collection_full_00004.xml	38898502	21	system_only	UNC	University of North Carolina at Chapel Hill	11039	10994	3	43
collection_full_00004.xml	38898502	25	system_only	ML	male and female low social	13341	13313	2	26
collection_full_00004.xml	38898502	29	system_only	ML	male and female low sociability	15946	15913	2	31
collection_full_00004.xml	38898502	35	system_only	ML	amygdala	21595	21585	2	8
collection_full_00004.xml	38898502	62	system_only	FH	Female High Social amygdala vehicle-treated	44000	43955	2	43
collection_full_00004.xml	38898502	63	system_only	Trf	exhibited upregulation of genes involved in myelin synthesis	45295	45233	3	60
collection_full_00004.xml	38906887	44	system_only	TNF	upregulation of immune response regulating genes	54423	54373	3	48
collection_full_00004.xml	38906887	60	system_only	YFP-	Additionally, if peripheral monocytes	76410	76371	4	37
collection_full_00004.xml	38906887	61	system_only	L-TGF-beta	Importantly, TGF-beta is synthesized as a latent form	79496	79441	10	53
collection_full_00004.xml	38906887	70	reference_only	brain	by removal of essential organs	97417	97385	5	30
collection_full_00004.xml	38906887	88	system_only	NEB	NEBNext single cell/low input RNA Library Prep Kit	105422	105370	3	50
collection_full_00004.xml	38918792	114	system_only	Internet	profiles and responses to maternal diet-induced obesity	71126	71069	8	55
collection_full_00004.xml	38933177	64	system_only	hCOs	the cerebral organoids	26226	26202	4	22
collection_full_00004.xml	38850237	8	system_only	ClGBI	5-chloro-2-guanidinobenzimidazole	8345	8310	5	33
collection_full_00004.xml	38850237	8	system_only	HIFs	"""HV1 inhibitor flexible""
compounds"	8393	8357	4	34
collection_full_00004.xml	38850237	50	system_only	RCF	"Remaining HV1 current
fraction"	28748	28716	3	30
collection_full_00004.xml	38850237	55	system_only	RCF	"Remaining HV1 current
fraction"	31017	30985	3	30
collection_full_00004.xml	38850237	64	system_only	RCF	"Remaining HV1 current
fraction"	32957	32925	3	30
collection_full_00004.xml	38850237	73	system_only	NaV	on human voltage-gated sodium channel	38909	38870	3	37
collection_full_00004.xml	38850237	80	system_only	GraphPad;	GraphPad Prism 8	44451	44433	9	16
collection_full_00004.xml	38942786	15	system_only	OCR	Furthermore, Ctrl and tdTom-Plin2 NSPCs had similar baseline oxygen consumption	11654	11573	3	79
collection_full_00004.xml	38942786	110	system_only	II	Biosciences	83630	83637	2	11
collection_full_00004.xml	38942786	127	system_only	OA	to fatty acid free BSA	93583	93595	2	22
collection_full_00004.xml	38942786	223	reference_only	pasef	parallel accumulation-serial fragmentation	106152	106108	5	42
collection_full_00004.xml	38952478	18	system_only	MPTP	MPTP-induced PD model mice	5951	5923	4	26
collection_full_00004.xml	38952478	18	system_only	Con	control group model mice	5987	5961	3	24
collection_full_00004.xml	38952478	68	reference_only	Ptprz1	protein tyrosine phosphatase receptor type Z1	31202	31155	6	45
collection_full_00004.xml	38952478	68	system_only	Dag1	ligand AGRN and receptor Dystroglycan 1	30885	30844	4	39
collection_full_00004.xml	38952478	68	system_only	Ptprz1	phosphatase receptor type Z1	31202	31172	6	28
collection_full_00004.xml	38965803	30	reference_only	Tm	temperature	14823	14810	2	11
collection_full_00004.xml	38965803	30	system_only	Tm	the primer melting temperature	14823	14791	2	30
collection_full_00004.xml	38965803	36	system_only	ECL	Billerica Millipore	18878	18883	3	19
collection_full_00004.xml	38969669	8	system_only	GRN	progranulin	7077	7064	3	11
collection_full_00004.xml	38969669	27	system_only	MF	engraftment of donor-derived GFP+ macrophages	26671	26624	2	45
collection_full_00004.xml	38969669	44	system_only	ApoE	are physiologically induced in BAMs and embryonic microglia	45747	45686	4	59
collection_full_00004.xml	38969669	51	system_only	WT	wild-type C57BL/6 mice	50559	50535	2	22
collection_full_00004.xml	38969669	52	system_only	GRN	progranulin	52371	52358	3	11
collection_full_00004.xml	38969669	78	reference_only	PEG400	Poly(ethylene glyco) Mn 400	77328	77299	6	27
collection_full_00004.xml	38969669	91	system_only	II	Sigma-Aldrich C6885	86317	86321	2	19
collection_full_00004.xml	38969669	118	system_only	UMAP	Uniform Manifold Approximation and Projection for Dimension Reduction	109891	109820	4	69
collection_full_00004.xml	38969669	132	system_only	SD	standard deviation of the mean	122645	122613	2	30
collection_full_00004.xml	38969669	190	system_only	WA	Washington, Seattle, Seattle	130848	130818	2	28
collection_full_00004.xml	38969669	273	system_only	Glioma	regulation of microglia/macrophages as a target for neurological disorders	139514	139438	6	74
collection_full_00004.xml	38941274	12	system_only	16F WT	TMEM16F WT	8407	8395	6	10
collection_full_00004.xml	38941274	12	system_only	16F KO	TMEM16F KO	8431	8419	6	10
collection_full_00004.xml	38941274	12	system_only	CA1c	CA1 (CA1a-b), CA3	8585	8566	4	17
collection_full_00004.xml	38941274	24	system_only	16F WT	TMEM16F WT	18494	18482	6	10
collection_full_00004.xml	38941274	24	system_only	16F KO	TMEM16F KO	18535	18523	6	10
collection_full_00004.xml	38649742	16	system_only	TP	with overlap in reference annotations	8954	8915	2	37
collection_full_00004.xml	38649742	16	system_only	FN	reference annotation cells	9099	9071	2	26
collection_full_00004.xml	38649742	22	system_only	TP	with overlap in reference annotations are masked in green	13215	13156	2	57
collection_full_00004.xml	38649742	51	system_only	II	LaVision BioTec	32038	32042	2	15
collection_full_00004.xml	39000184	45	system_only	PBST	PBS containing 0.05% Tween-20	22752	22721	4	29
collection_full_00004.xml	38747044	75	system_only	SED	sedentary age-matched controls	34673	34641	3	30
collection_full_00004.xml	38923164	43	system_only	HET	with Bonferroni adjustment for multiple comparisons	20001	19948	3	51
collection_full_00004.xml	38739319	41	system_only	Cells	cells/cm2	18723	18737	5	9
collection_full_00004.xml	38739319	56	system_only	nm	"nanoparticles	Magnetic nanocapsules	 	Size"	30032	29988	2	42
collection_full_00004.xml	38739319	56	system_only	TEM	"nanoparticles	Magnetic nanocapsules	 	Size (nm)	7.4"	30041	29988	3	51
collection_full_00004.xml	38696728	14	reference_only	Bank	www.brainbank.nl	6279	6285	4	16
collection_full_00004.xml	38696728	34	system_only	X-FEG	extreme field emission gun	19511	19483	5	26
collection_full_00005.xml	39014482	44	system_only	Ct	C. The average threshold cycle	21086	21054	2	30
collection_full_00005.xml	39014482	67	system_only	DEGs	considering adjusted p-value < 0.05	35760	35766	4	35
collection_full_00005.xml	39014482	88	system_only	in green	showing mitochondrial membrane potential (in orange) and mitochondria	61766	61695	8	69
collection_full_00005.xml	39014482	200	system_only	AEEC	Animal Experimentation Ethics Committee at the University of Luxembourg	80137	80064	4	71
collection_full_00005.xml	39034405	55	system_only	DAPI	and BAX expression in SH-SY5Y cells, and nuclei	25253	25204	4	47
collection_full_00005.xml	39034405	61	reference_only	CFT	2beta-carbomethoxy-3beta-(4-fluorophenyl)-(N-11C-methyl) tropane	31995	31929	3	64
collection_full_00005.xml	39034405	100	system_only	LAP	molecule, signal peptide, and inactive associated peptide	88911	88852	3	57
collection_full_00005.xml	39055131	16	system_only	Illumina	Illumina's Truseq RNA Sample Preparation Kit v2	10124	10075	8	47
collection_full_00005.xml	39052000	26	system_only	1T	her4.1:mScarlet+/gfap:GFP+ brain tumor cells, following primary transplantation	14648	14567	2	79
collection_full_00005.xml	39052000	237	system_only	p53EPS	TP53 and overexpression of EGFR, PI3KCA, and mScarlet	81386	81331	6	53
collection_full_00005.xml	39081514	8	system_only	ASC	apoptosis-associated speck-like protein containing a CARD	4458	4399	3	57
collection_full_00005.xml	39131383	9	system_only	Rsoma	Apparent soma radius	5625	5603	5	20
collection_full_00005.xml	39131383	50	system_only	PDSS	Pubertal Development Scale was used to determine pubertal stage	24871	24806	4	63
collection_full_00005.xml	39131383	225	system_only	Rsoma	apparent soma radius	43471	43449	5	20
collection_full_00005.xml	39093856	1	reference_only	DA	differential chromatin accessibility	346	308	2	36
collection_full_00005.xml	39093856	1	system_only	DA	data analysis is differential chromatin accessibility	346	291	2	53
collection_full_00005.xml	39149497	10	system_only	PFC	probability of inclusion > 0.95	8540	8555	3	31
collection_full_00005.xml	39149497	44	system_only	HIPAA	Health Insurance Portability and Accountability Act of 1996	36965	36904	5	59
collection_full_00005.xml	39149497	50	system_only	PCA	Principal component (PC) analysis	39939	39904	3	33
collection_full_00005.xml	39147742	64	system_only	AD	hereafter referred to as Arc	46621	46625	2	28
collection_full_00005.xml	39159381	10	system_only	tdTomato	reporter plasmid in trans, Cre-recombination	7775	7729	8	44
collection_full_00005.xml	39238030	12	system_only	Abeta	and has been associated with aggregation of misfolded beta-amyloid	2409	2341	5	66
collection_full_00005.xml	39238030	20	reference_only	WT PLX5622	with microglia depleted by PLX5622 injection	8758	8712	10	44
collection_full_00005.xml	39238030	20	system_only	Stroke	stroke: mice 7 days after photothrombotic surgery	9924	9873	6	49
collection_full_00005.xml	39238030	21	system_only	deltaE9	APPswe/PS1deltaE9	10398	10379	7	17
collection_full_00005.xml	39238030	79	system_only	deltaE9	APPswe/PS1deltaE9	44714	44695	7	17
collection_full_00005.xml	39238030	194	system_only	RR	project number 422179811	75809	75783	2	24
collection_full_00005.xml	39238030	194	system_only	ST	Research Unit FOR2858	75846	75823	2	21
collection_full_00005.xml	39056441	49	system_only	FANS	centrifugation-based approaches	36115	36138	4	31
collection_full_00005.xml	39272155	32	system_only	PBST	PBS, permeabilization with PBS + 0.2% Triton X-100	16466	16414	4	50
collection_full_00005.xml	39272155	36	reference_only	mt	mitochondrial	20282	20267	2	13
collection_full_00005.xml	39272155	36	reference_only	ribo	ribosomal	20319	20308	4	9
collection_full_00005.xml	39272155	48	reference_only	Tmax	time of maximum concentration	24268	24237	4	29
collection_full_00005.xml	39095595	14	system_only	scAnnot	in-house built hierarchical annotation workflow	9507	9458	7	47
collection_full_00005.xml	39095595	29	system_only	NES	neural precursor cell proliferation	21318	21281	3	35
collection_full_00005.xml	39095595	43	system_only	ref.	prefrontal cortex, while microglial cell activation gene DLG1	29493	29430	4	61
collection_full_00005.xml	39095595	112	reference_only	left	levels of neurotransmitter receptors	64237	64199	4	36
collection_full_00005.xml	39095595	212	system_only	gssnng	gene set scoring with nearest neighbor graph smoothed data	76659	76599	6	58
collection_full_00005.xml	39023138	14	reference_only	M3	GRCm39/mm39	6197	6229	2	11
collection_full_00005.xml	39023138	50	system_only	a-c	are calculated using one-way ANOVA in	29400	29361	3	37
collection_full_00005.xml	39023138	100	system_only	NSERC	Natural Sciences and Engineering Research Council of Canada	65563	65502	5	59
collection_full_00005.xml	39023138	100	system_only	NSERC	National Sciences and Engineering Research Council of Canada	66083	66021	5	60
collection_full_00005.xml	39283947	34	system_only	Macro-6	dominant CAM phenotype from CD14lowCD16hi	31584	31541	7	41
collection_full_00005.xml	39283947	41	reference_only	left	lobes from frontal of acute-infected animals	37054	37008	4	44
collection_full_00005.xml	39283947	102	system_only	CDC	Centers for Disease Control and Prevention	81172	81128	3	42
collection_full_00005.xml	39431007	9	system_only	NPCs	and progenitor cells	6928	6906	4	20
collection_full_00005.xml	39431007	13	system_only	Mog+	mature oligodendrocytes (OLs) cluster 8	10774	10733	4	39
collection_full_00005.xml	39431007	17	system_only	GO	biological process	17144	17148	2	18
collection_full_00005.xml	39431007	76	reference_only	F	factor	73769	73761	1	6
collection_full_00005.xml	39431007	9	system_only	NPCs	and progenitor cells	6928	6906	4	20
collection_full_00005.xml	39431007	13	system_only	Mog+	mature oligodendrocytes (OLs) cluster 8	10774	10733	4	39
collection_full_00005.xml	39431007	17	system_only	GO	biological process	17144	17148	2	18
collection_full_00005.xml	39431007	76	reference_only	F	factor	73769	73761	1	6
collection_full_00005.xml	39440247	73	system_only	DIM	derived TREM2 expresses inflammatory macrophages	70750	70700	3	48
collection_full_00005.xml	39302418	22	system_only	Cyld+/-	Cyld-/- mice and their heterozygous	16554	16517	7	35
collection_full_00005.xml	39302418	39	system_only	TBST	Tris Buffer Saline containing 1% TWEEN  20	29717	29723	4	42
collection_full_00005.xml	39302418	104	system_only	LPS	Microglia Responses to Pro-inflammatory Stimuli	42277	42228	3	47
collection_full_00005.xml	39483903	45	system_only	Other	neurodegenerative pathologies criteria	16859	16819	5	38
collection_full_00005.xml	39487477	14	reference_only	RPMI	resuspended in 3mL of plating media	12977	12940	4	35
collection_full_00005.xml	39497162	21	system_only	APP	hAPP695swe	6826	6814	3	10
collection_full_00005.xml	39497162	31	system_only	Abcam	lysosome-associated membrane glycoprotein (LAMP) 1	11997	11945	5	50
collection_full_00005.xml	39497162	33	system_only	Kit	TaKaRa Biotechnology	12825	12830	3	20
collection_full_00005.xml	39497162	53	system_only	Red	performed using the Duolink in situ PLA Kit	18679	18634	3	43
collection_full_00005.xml	39497162	81	reference_only	EIPA	5-(N-ethyl-N-isopropyl) amiloride	37787	37752	4	33
collection_full_00005.xml	39497162	84	reference_only	red	ROCK1 (green) and TFEB	39390	39366	3	22
collection_full_00005.xml	39513868	132	reference_only	scr	scrambled	59771	59760	3	9
collection_full_00005.xml	39513868	136	system_only	sMG	small clusters of microglia	62730	62701	3	27
collection_full_00005.xml	39537608	14	system_only	SBP	diastolic blood pressure	7176	7150	3	24
collection_full_00005.xml	39537608	62	system_only	FUMA	Functional Mapping and Annotation of GWAS	35920	35877	4	41
collection_full_00005.xml	39537608	96	system_only	AD	accession codes GCST007320	47485	47457	2	26
collection_full_00005.xml	39352749	1	system_only	TAMs	Tumor-associated macrophages and microglia	157	113	4	42
collection_full_00005.xml	39352749	5	system_only	TAMs	Tumor-associated macrophages and microglia	2831	2787	4	42
collection_full_00005.xml	39352749	15	system_only	shLOX	cells with LOX shRNA	10841	10819	5	20
collection_full_00005.xml	39352749	32	system_only	Hu	The University of Texas MD Anderson Cancer Center	27966	27970	2	49
collection_full_00005.xml	39352749	138	system_only	NPC-like	different subtypes, including mesenchymal-like (MES-like), neural-progenitor-like	54856	54773	8	81
collection_full_00005.xml	39352749	146	system_only	shLOX	cells with LOX shRNA knockdown	60270	60238	5	30
collection_full_00005.xml	39548583	46	reference_only	Fig. 1A	Bace1fl/fl;Olig2-Cre and Bace1fl/fl mice was comparable	22128	22071	7	55
collection_full_00005.xml	39499634	18	system_only	Top	predicted microglial proportion	13538	13505	3	31
collection_full_00005.xml	39499634	25	system_only	NEUN	neuron cell bodies	20149	20129	4	18
collection_full_00005.xml	39574895	16	system_only	CreER	receptor ligand-binding-dependent expression of Cre recombinase	11640	11575	5	63
collection_full_00005.xml	39574895	26	system_only	TBS-T	TBS/1% Triton X-100 with protease inhibitor cocktail	17834	17841	5	52
collection_full_00005.xml	39574895	28	system_only	ST2	Soluble receptors: IL-2R, IL-7R alpha (IL17RA), IL-33R	19572	19516	3	54
collection_full_00005.xml	39574895	32	system_only	PBST	PBS containing 1% Triton X-100	24331	24299	4	30
collection_full_00005.xml	39574895	340	reference_only	veh	vehicle	76894	76885	3	7
collection_full_00005.xml	39574895	342	reference_only	white	with dashed outlines indicating the registered atlas	80140	80086	5	52
collection_full_00005.xml	39574895	344	reference_only	prop	propranolol	82564	82551	4	11
collection_full_00005.xml	39574895	344	reference_only	veh	vehicle	82707	82698	3	7
collection_full_00005.xml	39595866	1	system_only	AD	and/or cerebral vascular dementia	1618	1622	2	33
collection_full_00005.xml	39595866	19	system_only	AD	and alterations in the vascular endothelium/BBB	19881	19906	2	47
collection_full_00005.xml	39595866	34	system_only	EVs	release vesicles	31205	31187	3	16
collection_full_00005.xml	39595866	91	system_only	AD	and 85 years old	79600	79607	2	16
collection_full_00005.xml	39595866	111	system_only	AD	brain neurodegeneration	98863	98838	2	23
collection_full_00005.xml	39595866	129	system_only	II-III	significantly higher in non-diabetics, but the Braak grade was similar	114693	114621	6	70
collection_full_00005.xml	39595866	174	system_only	AD	and neurofibrillary tangles	155892	155912	2	27
collection_full_00005.xml	39595866	187	reference_only	astroglial	an increase in senescent neuroglial cells	161655	161612	10	41
collection_full_00005.xml	39595866	201	system_only	cd	control diet in the animal facility	165349	165312	2	35
collection_full_00005.xml	39595866	577	reference_only	II	implications	201548	201534	2	12
collection_full_00005.xml	39595866	577	system_only	II	its pathophysiological implications	201548	201511	2	35
collection_full_00005.xml	39595866	982	system_only	phospho-tau	hyperphosphorylated tau protein	247357	247324	11	31
collection_full_00005.xml	39591421	42	system_only	AD	and |avg_log2FC| > 0.5	19547	19566	2	22
collection_full_00005.xml	39591421	65	system_only	AD	shared	37193	37200	2	6
collection_full_00005.xml	39591421	65	system_only	AD	shared	37611	37618	2	6
collection_full_00005.xml	39607309	32	system_only	NEB	NEBNext Ultra RNA Library Prep Kit for Illumina	12839	12790	3	47
collection_full_00005.xml	39607309	36	system_only	TBST	TBS containing 0.1% Tween20	15355	15326	4	27
collection_full_00005.xml	39367235	10	reference_only	mitophagy	mitochondrial autophagy	3397	3372	9	23
collection_full_00005.xml	39367235	63	reference_only	PV+	parvalbumin-positive	60425	60403	3	20
collection_full_00005.xml	39367235	81	system_only	Preston,	disrupted in hydrocephalus and neurodegeneration	78496	78446	8	48
collection_full_00005.xml	39402379	4	system_only	pTau	plaques starting in the cerebral cortex and hyperphosphorylated Tau	1756	1687	4	67
collection_full_00005.xml	39402379	6	system_only	SEA-AD	Seattle Alzheimer's Disease Brain Cell Atlas	3231	3185	6	44
collection_full_00005.xml	39402379	42	system_only	Sag	supertypes had higher post-spike hyperpolarization	41652	41600	3	50
collection_full_00005.xml	39402379	60	reference_only	Sst	Second box, supragranular interneurons	58855	58815	3	38
collection_full_00005.xml	39402379	70	system_only	TBST	Tris-buffered saline with 0.25% Tween-20	68359	68317	4	40
collection_full_00005.xml	39402379	121	reference_only	vuln	vulnerable	106437	106425	4	10
collection_full_00005.xml	39402379	121	reference_only	unaff	unaffected supertypes	107157	107134	5	21
collection_full_00005.xml	39402379	121	reference_only	vul	vulnerable	108112	108100	3	10
collection_full_00005.xml	39630626	19	system_only	NEB	NEBNext  Ultra  II RNA Library Prep Kit for Illumina	8897	8842	3	52
collection_full_00005.xml	39630626	24	system_only	TBS-T	TBS with 0.1% TWEEN-20	11889	11896	5	22
collection_full_00005.xml	39630626	61	system_only	ER	intracellular calcium stores	35886	35856	2	28
collection_full_00005.xml	39592224	25	system_only	Becton	cell-sorting-based purification was performed using a FACSAria II	13899	13832	6	65
collection_full_00005.xml	39592224	47	system_only	AT8	AT8+ hyperphosphorylated tau accumulation	27470	27427	3	41
collection_full_00005.xml	39684582	140	system_only	mean (SD)	mean value and the standard deviation	47388	47349	9	37
collection_full_00005.xml	39636729	15	system_only	AEEC	Animal Experimentation Ethics Committee at the University of Luxembourg	4629	4556	4	71
collection_full_00005.xml	39698742	103	system_only	DAPI	collected at specific time points post-tMCAO showing the nuclear	15621	15555	4	64
collection_full_00005.xml	39698742	105	system_only	DAPI	days poststroke, showing the nuclear	17426	17388	4	36
collection_full_00005.xml	39696597	24	reference_only	veh	vehicle	12900	12891	3	7
collection_full_00005.xml	39696597	28	system_only	CreER	receptor ligand-binding-dependent expression of Cre recombinase	14289	14224	5	63
collection_full_00005.xml	39696597	38	reference_only	Abeta40	Abeta(1-40)	20243	20230	7	11
collection_full_00005.xml	39696597	38	reference_only	Abeta42	Abeta(1-42)	20269	20256	7	11
collection_full_00005.xml	39696597	38	system_only	TBS-T	TBS/1% Triton X-100 with protease inhibitor cocktail	20695	20702	5	52
collection_full_00005.xml	39696597	40	system_only	ST2	Soluble receptors: IL-2R, IL-7R alpha (IL17RA), IL-33R	22435	22379	3	54
collection_full_00005.xml	39696597	44	system_only	PBST	PBS containing 1% Triton X-100	27229	27197	4	30
collection_full_00005.xml	39696597	65	reference_only	white	with dashed outlines indicating the registered atlas	43470	43416	5	52
collection_full_00005.xml	39696597	74	reference_only	prop	propranolol	51651	51638	4	11
collection_full_00005.xml	39696597	74	reference_only	veh	vehicle	51795	51786	3	7
collection_full_00005.xml	39768160	11	reference_only	Annexin V-/PI-	Annexin V and PI discriminates viable cells	6271	6226	14	43
collection_full_00005.xml	39466647	11	reference_only	Cl-	chloride	1863	1853	3	8
collection_full_00005.xml	39744938	11	system_only	INF	infectious CNS diseases	8084	8059	3	23
collection_full_00005.xml	39744938	11	system_only	OID	other inflammatory diseases of the CNS	8134	8094	3	38
collection_full_00005.xml	39744938	14	system_only	AXL	AXL+SIGLEC6+ DCs, which share characteristics with pDCs	11098	11041	3	55
collection_full_00005.xml	39744938	34	system_only	LAG3	CD56dimLAG3+	28647	28633	4	12
collection_full_00005.xml	39744938	48	system_only	HCTW	healthy control twin subjects whose twin had MS	43967	43918	4	47
collection_full_00005.xml	39744938	48	system_only	HIV	human immunodeficiency virus-associated neurologic disease	44592	44532	3	58
collection_full_00005.xml	39744938	48	system_only	OID	oligodendrocyte glycoprotein antibody disease (MOGAD), uveitis	44768	44704	3	62
collection_full_00005.xml	39751910	35	system_only	lo	Plot of cell marker expression levels	9059	9020	2	37
collection_full_00005.xml	39751910	74	system_only	RNA-seq	were also analyzed with transcriptome sequencing	24030	23980	7	48
collection_full_00005.xml	39751910	75	system_only	CD3+	CD45+/CD66b+/CD3+ nonclassical cells	24222	24228	4	36
collection_full_00005.xml	39751910	97	system_only	CD3D	CD3+ myeloids also expressed lymphoid markers	42310	42263	4	45
collection_full_00005.xml	39751910	191	system_only	M.N.	Tampere University Hospital	57632	57603	4	27
collection_full_00005.xml	39751910	191	system_only	I.H.	Finnish Brain Foundation-Neurology Fund	57760	57719	4	39
collection_full_00005.xml	39753747	35	reference_only	F-12	DMEM:F-12	27359	27365	4	9
collection_full_00005.xml	39753747	35	system_only	DMEM:F-12	Dulbecco's Modified Eagle Medium/Nutrient Mixture F-12	27365	27309	9	54
collection_full_00005.xml	39753747	50	system_only	Em	Red CMXRos	34888	34909	2	10
collection_full_00005.xml	39753851	84	system_only	TLE	predominantly associated with the disease	46593	46550	3	41
collection_full_00005.xml	39789340	25	reference_only	hr	6-hour	14455	14447	2	6
collection_full_00005.xml	39789340	40	reference_only	Tau	p-Tau	25575	25580	3	5
collection_full_00005.xml	39789340	40	system_only	p-Tau	hyperphosphorylated Tau	25580	25555	5	23
collection_full_00005.xml	39792668	1	system_only	IL	infralimbic medial prefrontal cortex	397	359	2	36
collection_full_00005.xml	39792668	9	system_only	Con-On	extinction between control mice with	7755	7717	6	36
collection_full_00005.xml	39792668	19	system_only	Fig. 3C	identified two genes: Hp1bp3 and Cx3cr1	18612	18571	7	39
collection_full_00005.xml	39792668	38	system_only	Red	Impaired-ext and Normal-ext groups using anti-Xaf1	42811	42759	3	50
collection_full_00005.xml	39792668	74	system_only	CS	comprising four pairings of a 30-s tone	77554	77513	2	39
collection_full_00005.xml	39792668	75	system_only	On	Con	77909	77904	2	3
collection_full_00005.xml	39792668	78	system_only	On	sessions, Group gePSI	79265	79242	2	21
collection_full_00005.xml	39792668	87	system_only	Reno	microinfused into the IL using an automatic microinjection system	81911	81844	4	65
collection_full_00005.xml	39792668	87	system_only	RWD	screw was inserted, and dental cement	83605	83566	3	37
collection_full_00005.xml	39803521	20	reference_only	PV	parvalbumin	15008	14995	2	11
collection_full_00005.xml	39803521	20	system_only	PV	profiles of VIP (Inh_s0) and parvalbumin	15008	14966	2	40
collection_full_00005.xml	39803521	28	reference_only	RBFOX1	NeuN+/RBFOX1+	20678	20686	6	13
collection_full_00005.xml	39803521	28	system_only	NeuN+/RBFOX1+	NeuN and RBFOX1	20686	20669	13	15
collection_full_00005.xml	39803521	61	reference_only	C2	521731-C2	47262	47275	2	9
collection_full_00005.xml	39803521	214	reference_only	red	RELN (green) and GPC5	67284	67261	3	21
collection_full_00005.xml	39803521	214	reference_only	red	RELN (blue) and BMPR1B	67415	67391	3	22
collection_full_00005.xml	39819559	10	system_only	UMAP	feature maps	9082	9088	4	12
collection_full_00005.xml	39819559	57	system_only	RF	outperforms shallow learning	43890	43860	2	28
collection_full_00005.xml	39819559	114	reference_only	wells	well, at least 15 technical replicates	75287	75247	5	38
collection_full_00005.xml	39834143	33	reference_only	AAO	Abdominal aortic ischemia/reperfusion	2979	2940	3	37
collection_full_00005.xml	39834143	33	system_only	AAO	aortic ischemia/reperfusion	2979	2950	3	27
collection_full_00005.xml	39834143	82	system_only	red	represent distinct cell types, including Excitatory neurons	25207	25146	3	59
collection_full_00005.xml	39834143	100	reference_only	Pabpn1	Poly(A) Binding Protein Nuclear 1	40921	40929	6	33
collection_full_00005.xml	39834143	100	reference_only	PAS	polyadenylation site	41066	41044	3	20
collection_full_00005.xml	39834143	100	system_only	PAS	Pabpn1 regulates alternative polyadenylation site	41066	41015	3	49
collection_full_00005.xml	39834143	109	reference_only	Ptprz1	Protein Tyrosine Phosphatase Receptor Type Z1	46708	46716	6	45
collection_full_00005.xml	39834143	109	system_only	Ptprz1	Phosphatase Receptor Type Z1	46708	46733	6	28
collection_full_00005.xml	39844286	24	system_only	B6J	C57BL/6 J	11413	11402	3	9
collection_full_00005.xml	39844286	55	system_only	TBST	antibodies in Intercept	25948	25922	4	23
collection_full_00005.xml	39844286	55	system_only	TBST	TBS with 0.1% Tween-20	26120	26096	4	22
collection_full_00005.xml	39844286	55	system_only	TBST	then incubated with secondary antibodies in Intercept	26182	26126	4	53
collection_full_00005.xml	39844286	57	system_only	TBS	the membrane was blocked in Intercept	27395	27355	3	37
collection_full_00005.xml	39844286	57	system_only	TBST	antibodies in Intercept	27664	27638	4	23
collection_full_00005.xml	39844286	89	reference_only	parANOVA	https://www.github.com/edammer/parANOVA	48177	48136	8	39
collection_full_00005.xml	39844286	91	system_only	i.e. WT	while those with 4 genotypes	49034	49004	7	28
collection_full_00005.xml	39844286	119	system_only	LPS	total protein stain	79637	79616	3	19
collection_full_00005.xml	39872537	53	system_only	iMGL	Finally, microglia-like cells were derived from UCBMC	24108	24053	4	53
collection_full_00005.xml	39872537	79	system_only	iMGL	derivation of microglia-like cells	42875	42839	4	34
collection_full_00005.xml	39665230	7	system_only	ii	extraction during fixation and washing, and	3775	3730	2	43
collection_full_00005.xml	39665230	9	system_only	LC-	Liquid-chromatography	6112	6089	3	21
collection_full_00005.xml	39665230	14	reference_only	9/13-HODE	9- and 13-hydroxy-octadecadienoic acids	9887	9846	9	39
collection_full_00005.xml	39665230	19	reference_only	9/13-HODE	9- or 13- hydroxy-octadecadienoic acids	13796	13755	9	39
collection_full_00005.xml	39665230	23	system_only	RSCI	chamber slide. Relative Cluster Stability Index	17040	16991	4	47
collection_full_00005.xml	39665230	52	system_only	Re	serotype R515	49898	49883	2	13
collection_full_00005.xml	39907554	584	system_only	Neal	efficient SLICE sampling technique	72955	72919	4	34
collection_full_00005.xml	39907554	618	system_only	Li	learning methods such as scTour	83721	83688	2	31
collection_full_00005.xml	39907554	618	system_only	Sha	such as scTour (Li, 2023) and TIGON	83742	83705	3	35
collection_full_00005.xml	39833561	8	reference_only	EXPLOR	"""exosomes for protein loading via optically reversible protein-protein interactions"""	5809	5723	6	84
collection_full_00005.xml	39915897	78	system_only	D-Ala2	alcohol/glutaraldehyde/sodium beta-glycerophosphate-HFn@MnO2/Astragaloside IV; DADLE,	51572	51485	6	85
collection_full_00005.xml	39833308	12	reference_only	that is	the primary rationale for this approach	10172	10131	7	39
collection_full_00005.xml	39762658	27	system_only	ref.	microglial depletion, after administration of the CSF1R inhibitor PLX5622	22754	22679	4	73
collection_full_00005.xml	39762658	36	system_only	Tle	both layer VI	28019	28024	3	13
collection_full_00005.xml	39762658	67	system_only	ref.	reference genome using the STAR RNA-seq aligner v.2.7.11	47392	47334	4	56
collection_full_00005.xml	39762658	67	system_only	ref.	were performed using the Seurat R package, v.4.4.0	51511	51459	4	50
collection_full_00005.xml	39762658	67	system_only	ref.	were identified and removed using the scDblFinder R package v.1.10.1	51694	51624	4	68
collection_full_00005.xml	39762658	69	reference_only	CSF	cerebrospinal fluid	52252	52231	3	19
collection_full_00005.xml	39762658	69	system_only	CSF	carbonated sucrose-artificial cerebrospinal fluid	52252	52201	3	49
collection_full_00005.xml	39853366	12	system_only	tSNE	t-Distributed Stochastic Neighbor Embedding	9290	9245	4	43
collection_full_00005.xml	39853366	129	system_only	IGF1	Insulin-like growth factor 1 and 2	76376	76340	4	34
collection_full_00005.xml	39968698	51	system_only	RLU	ratio of Firefly luciferase assay value	24355	24314	3	39
collection_full_00005.xml	39968698	55	system_only	HRP	HRP-conjugated secondary antibody, Goat Anti-Rabbit IgG H&L	27841	27780	3	59
collection_full_00005.xml	39985110	1	system_only	HLA-DR	immunohistochemically labelled for microglial markers	1182	1127	6	53
collection_full_00005.xml	39985110	53	system_only	rNLS	relationship temporally, we utilised brain tissue from bigenic NEFH-tTA/tetO-hTDP-43 NLS	32972	32882	4	88
collection_full_00005.xml	39985110	64	system_only	ALS	NEFH-tTA/tetO-hTDP-43DeltaNLS	41919	41924	3	29
collection_full_00005.xml	40045485	56	system_only	Ctss	phagocytosis	40230	40216	4	12
collection_full_00005.xml	40045485	70	system_only	Ctss	phagocytosis	56055	56041	4	12
collection_full_00005.xml	40060041	57	reference_only	WT	WT_Veh	27561	27565	2	6
collection_full_00005.xml	40060041	57	system_only	WT_Veh	with the vehicle treated WT	27565	27536	6	27
collection_full_00005.xml	40060041	216	reference_only	PS19_TPPU	PS19 mice with TPPU treatment	51377	51346	9	29
collection_full_00005.xml	40076502	13	system_only	TCA cycle	metabolism, citrate cycle	11283	11256	9	25
collection_full_00005.xml	40076502	53	reference_only	cor	|correlation	43917	43903	3	12
collection_full_00005.xml	40076502	202	reference_only	red	low-risk (blue) and high-risk	76326	76295	3	29
collection_full_00005.xml	40076502	205	system_only	All	diagonal line	77624	77609	3	13
collection_full_00005.xml	40076502	205	system_only	None	interventions; the horizontal line	77697	77661	4	34
collection_full_00005.xml	40092433	117	system_only	II	acidic FGF	54767	54780	2	10
collection_full_00005.xml	40095115	21	system_only	II	Miltenyi Biotec	13027	13031	2	15
collection_full_00005.xml	40144670	6	system_only	SH-SWE	SH-WT cells with those transfected with APP695	1746	1698	6	46
collection_full_00005.xml	40144670	18	system_only	IMM	Instituto de Medicina Molecular Joao Lobo Antunes	7672	7621	3	49
collection_full_00005.xml	40144670	23	reference_only	SH-SWE	SH-SY5Y expressing the APP Swedish variant	10334	10290	6	42
collection_full_00005.xml	40144670	23	system_only	HMC3	human microglial clone 3 cell line	10800	10764	4	34
collection_full_00005.xml	40144670	56	reference_only	mock	mock-transfected	31030	31012	4	16
collection_full_00005.xml	40144670	67	system_only	S100B	S100 calcium-binding protein B	41305	41273	5	30
collection_full_00005.xml	40144670	123	system_only	SYN	presynaptic	96030	96017	3	11
collection_full_00005.xml	40144670	125	reference_only	CT124	cell transfection to obtain miR-124-loaded exosomes	98191	98138	5	51
collection_full_00005.xml	39908354	66	system_only	ECL	the chemiluminescence	58995	58972	3	21
collection_full_00005.xml	39908354	68	system_only	PBST	PBS containing 0.05% Triton X-100	59598	59604	4	33
collection_full_00005.xml	40191607	28	reference_only	M-O	monocytes	13370	13359	3	9
collection_full_00005.xml	40074951	15	reference_only	c	correlation	9819	9806	1	11
collection_full_00005.xml	40074951	53	system_only	ref.	coverage of 102~103	45296	45275	4	19
collection_full_00005.xml	40074951	133	reference_only	e	error	72525	72518	1	5
collection_full_00005.xml	40074951	170	system_only	ref.	were downloaded from Zenodo at 10.5281/zenodo.4739739	84660	84605	4	53
collection_full_00005.xml	40207209	5	reference_only	FTLD	frontotemporal lobar degeneration	3201	3166	4	33
collection_full_00005.xml	40207209	5	reference_only	FTLD-FUS	FTLD with FUS pathology	4840	4815	8	23
collection_full_00005.xml	40207209	5	system_only	FTLD	FTD, termed frontotemporal lobar degeneration	3201	3154	4	45
collection_full_00005.xml	40207209	7	reference_only	HLA-DR	human leukocyte antigen - DR isotype	7562	7524	6	36
collection_full_00005.xml	40207209	17	system_only	NA	nuclei (5-HT) and LC	11417	11395	2	20
collection_full_00005.xml	40207209	17	system_only	TH	"the	 	parabrachial pigmented nucleus"	11561	11523	2	36
collection_full_00005.xml	40207209	73	system_only	NCIs	"neuronal cytoplasmic
inclusions"	43626	43593	4	31
collection_full_00005.xml	40207209	76	system_only	GRN	progranulin gene	44343	44325	3	16
collection_full_00005.xml	40213543	42	reference_only	STES	stomach and Esophageal carcinoma	19901	19867	4	32
collection_full_00005.xml	40213543	42	reference_only	KIPAN	KICH, CHOL, pan-kidney cohort	20234	20203	5	29
collection_full_00005.xml	40213543	42	system_only	KIRP	kidney renal papillary cell carcinoma	19384	19345	4	37
collection_full_00005.xml	40213543	42	system_only	OV	ovarian serous cystadenocarcinoma	20334	20299	2	33
collection_full_00005.xml	40225562	46	system_only	GFAP	strongly modifies transcription of genes expressed in astrocytes	30063	29997	4	64
collection_full_00005.xml	40225562	219	reference_only	C	conditions	62958	62946	1	10
collection_full_00005.xml	40225578	44	system_only	TR	The imaging parameters were as follows: repetition time	19024	18967	2	55
collection_full_00005.xml	40237297	54	system_only	A	acid	18687	18702	1	4
collection_full_00005.xml	40234992	72	system_only	iMGs	immunohistochemistry in Pgrn-deficient mouse brains and human induced microglia	44627	44546	4	79
collection_full_00005.xml	40234992	363	system_only	GRN	progranulin	96875	96862	3	11
collection_full_00005.xml	40255652	1	reference_only	A488	Alexa Fluor 488 Plus	452	430	4	20
collection_full_00005.xml	40255652	23	reference_only	A488	Alexa Fluor 488 Plus	16737	16715	4	20
collection_full_00005.xml	40255652	26	reference_only	A488	Alexa Fluor 488 Plus	18350	18328	4	20
collection_full_00005.xml	40255652	29	reference_only	A488	Alexa Fluor 488 Plus	19485	19463	4	20
collection_full_00005.xml	40255652	41	reference_only	A488	Alexa Fluor 488 Plus	27209	27187	4	20
collection_full_00005.xml	40259927	4	reference_only	NF-kappaB	nuclear factor kappa-light-chain-enhancer of activated B cells	5685	5621	9	62
collection_full_00005.xml	40259927	8	system_only	iHPCs	hiPSC-derived hematopoietic progenitor cells	8392	8346	5	44
collection_full_00005.xml	40259927	24	reference_only	bioRender	https://BioRender.com	23677	23699	9	21
collection_full_00005.xml	40259927	41	reference_only	genes	genomic features	35482	35464	5	16
collection_full_00005.xml	40259927	47	system_only	GEO	Gene Expression Omnibus repository, accession number	37729	37675	3	52
collection_full_00005.xml	40259927	47	system_only	GEO	-GSE289724 for the RNASeq and	37764	37733	3	29
collection_full_00005.xml	40264187	19	reference_only	PS19_TPPU	PS19 mice with TPPU treatment	7106	7075	9	29
collection_full_00005.xml	40264187	68	reference_only	WT	WT_Veh	37646	37650	2	6
collection_full_00005.xml	40264187	68	system_only	WT_Veh	with the vehicle treated WT	37650	37621	6	27
collection_full_00005.xml	40266307	10	system_only	ChAT+ NeuN+	affecting alpha motor neurons	5877	5846	11	29
collection_full_00005.xml	40266307	11	system_only	SC	as quantification of Iba1+ cells per ventral horn	6786	6735	2	49
collection_full_00005.xml	40266307	11	system_only	Spg15-/-	Spg15-/-; Cxcr4CreERT2; Rosa26tdTomato	8048	8008	8	38
collection_full_00005.xml	40266307	12	system_only	Spg15-/-	Spg15-/-; Cxcr4CreERT2; Rosa26tdTomato	10735	10695	8	38
collection_full_00005.xml	40266307	17	system_only	Spg15-/-	Spg15-/-; Cxcr4CreERT2; Rosa26tdTomato	16067	16027	8	38
collection_full_00005.xml	40266307	17	system_only	Spg15-/-	Spg15-/-; Cxcr4CreERT2; Rosa26tdTomato	16668	16628	8	38
collection_full_00005.xml	40266307	22	system_only	Ctrl	cytometry from old Spg15+/+; Cxcr4CreERT2; Rosa26tdTomato	19709	19650	4	57
collection_full_00005.xml	40266307	22	system_only	Spg15-/-	Spg15-/-; Cxcr4CreERT2; Rosa26tdTomato	19759	19719	8	38
collection_full_00005.xml	40266307	27	system_only	Spg15-/-	Spg15-/-; Cxcr4CreERT2; Rosa26tdTomato	24325	24285	8	38
collection_full_00005.xml	40266307	27	system_only	Spg15-/-	Spg15-/-; Cxcr4CreERT2; Rosa26tdTomato	25415	25375	8	38
collection_full_00005.xml	40266307	28	system_only	Spg15-/-	Spg15-/-; Cxcr4CreERT2; Rosa26tdTomato	27543	27503	8	38
collection_full_00005.xml	40266307	28	system_only	Spg15-/-	Spg15-/-; Cxcr4CreERT2; Rosa26tdTomato	28072	28032	8	38
collection_full_00005.xml	40266307	28	system_only	Spg15-/-	Spg15-/-; Cxcr4CreERT2; Rosa26tdTomato	29134	29094	8	38
collection_full_00005.xml	40266307	28	system_only	Spg15-/-	Spg15-/-; Cxcr4CreERT2; Rosa26tdTomato	30008	29968	8	38
collection_full_00005.xml	40266307	30	system_only	Tem	T cells, namely CD44+CD69+CD62Llow effector memory T cells	33018	32958	3	58
collection_full_00005.xml	40266307	30	system_only	PD1+	PD1+CD69+CD103- effector T cells	33168	33134	4	32
collection_full_00005.xml	40266307	30	system_only	Tem	effector memory cells	33422	33399	3	21
collection_full_00005.xml	40266307	35	system_only	Tact/em	Tox, an activated/effector memory CD8+ T cell	36587	36540	7	45
collection_full_00005.xml	40266307	51	system_only	Zfyve26-/-	Zfyve26+/- mice to obtain Spg15-/-	51933	51897	10	34
collection_full_00005.xml	40266307	83	system_only	GO	Biological Processes	75881	75885	2	20
collection_full_00005.xml	40266307	85	system_only	GO	Biological Processes	76967	76971	2	20
collection_full_00005.xml	40202986	8	system_only	AD	are enriched in microglia across multiple neurodegenerative diseases	7071	7001	2	68
collection_full_00005.xml	40202986	19	reference_only	ns	neurons-oligodendrocytes	15935	15909	2	24
collection_full_00005.xml	40202986	19	reference_only	ns	microglia-neurons	16069	16050	2	17
collection_full_00005.xml	40202986	19	reference_only	ns	neurons-oligodendrocytes	16230	16204	2	24
collection_full_00005.xml	40202986	19	reference_only	ns	neurons-oligodendrocytes	16325	16299	2	24
collection_full_00005.xml	40275379	12	system_only	hiMG	with microglia/macrophages	2962	2934	4	26
collection_full_00005.xml	40275379	28	system_only	UMAP	Uniform Manifold Approximation and Projection for Dimension Reduction	11112	11041	4	69
collection_full_00005.xml	40275379	32	reference_only	hiNS(-)	hiNS	14578	14593	7	4
collection_full_00005.xml	40275379	48	reference_only	ctrl	control	30527	30518	4	7
collection_full_00005.xml	40275379	53	reference_only	hiNS(+)	hiNS each	34460	34475	7	9
collection_full_00005.xml	40275379	144	system_only	LN	supplemented with Y- 27632 and 10% DMSO	100676	100685	2	39
collection_full_00005.xml	40275379	186	system_only	TBST	TBS with 0.1% Tween20	120213	120190	4	21
collection_full_00005.xml	40298588	9	reference_only	Cx3cr1Cre-ER	B6.129P2(Cg)-Cx3cr1tm2.1(cre/ERT2)Litt/WganJ	7662	7616	12	44
collection_full_00005.xml	40298588	9	system_only	Cx3cr1Cre-ER	-Cx3cr1tm2.1(cre/ERT2)Litt/WganJ	7662	7628	12	32
collection_full_00005.xml	40298588	45	system_only	ACD	RNA-Protein Co-Detection Ancillary Kit	29988	29948	3	38
collection_full_00005.xml	40298588	302	system_only	WT	we find that young mice of all genotypes	98972	98930	2	40
collection_full_00005.xml	40298588	318	reference_only	AF+	autofluorescent microglia	107504	107477	3	25
collection_full_00005.xml	40298588	324	system_only	CA1	CA1in the manuscript	112677	112688	3	20
collection_full_00005.xml	40297980	49	system_only	Npvf	Neuropeptide VF precursor/Gonadotropin-inhibitory hormone	31269	31275	4	57
collection_full_00005.xml	40297980	57	system_only	g-i	GAP43 is found primarily in cluster 1.	36629	36589	3	38
collection_full_00005.xml	40297980	64	system_only	Vldlr	Very-low-density lipoprotein receptor has moderate expression	41699	41636	5	61
collection_full_00005.xml	40297980	68	system_only	ONL	Olfactory Nerve Layer I and II	44870	44838	3	30
collection_full_00005.xml	40297980	87	system_only	SD	Sprague-Dawley female rats	58981	58953	2	26
collection_full_00005.xml	40297980	93	system_only	Reln+/-	Reelin expression in OECs, heterozygous	66035	65994	7	39
collection_full_00005.xml	40297980	105	system_only	TBST	Tris-buffered saline containing 0.1% Tween-20	73375	73328	4	45
collection_full_00005.xml	40055943	43	system_only	Cry	cryptochrome circadian regulator	25856	25822	3	32
collection_full_00005.xml	40055943	54	reference_only	PWS	births:www.pwsausa.org	35521	35567	3	22
collection_full_00005.xml	40113485	7	system_only	NT-miR	anti-Let-7a-5p miRNA inhibitor, and the corresponding negative control	4688	4616	6	70
collection_full_00005.xml	40113485	14	system_only	NT-miR	nM specific anti-Let-7amiRNA inhibitor or the corresponding negative control	8015	7937	6	76
collection_full_00005.xml	40113485	22	reference_only	HEPES	4-(2-hydroxyethyl)-1-piperazineethanesulfonic acid	12032	11980	5	50
collection_full_00005.xml	40113485	26	system_only	WT	wild-type human SOD1	14114	14092	2	20
collection_full_00005.xml	40113485	33	system_only	Sigma	slides using Fluoromount aqueous mounting medium	20665	20615	5	48
collection_full_00005.xml	40113485	81	reference_only	A-D	and Iba1	44960	44950	3	8
collection_full_00005.xml	40113485	132	reference_only	NCX1	Na(+)/Ca(2+) exchanger 1	58552	58526	4	24
collection_full_00005.xml	40336141	178	system_only	App	amyloid precursor protein processing in females	79145	79096	3	47
collection_full_00005.xml	40343334	11	system_only	AFR	admixture for each of the four ancestries	8487	8444	3	41
collection_full_00005.xml	40343334	14	system_only	Lawton	well as lower activities of daily living	14992	14950	6	40
collection_full_00005.xml	40343334	17	system_only	KLRs	NK cell-related genes	17344	17321	4	21
collection_full_00005.xml	40343334	56	system_only	HAM	HTLV-1 associated myelopathy/tropical spastic paraparesis	32275	32216	3	57
collection_full_00005.xml	40343334	105	system_only	Lawton	well as lower activities of daily living	41359	41317	6	40
collection_full_00005.xml	40343334	111	system_only	KLRs	NK cell-related genes	42758	42735	4	21
collection_full_00005.xml	40346662	24	system_only	CeA	central nucleus of the amygdala	20637	20604	3	31
collection_full_00005.xml	40346662	37	system_only	G-I	GFAP antibody in rostral (A-C) and caudal	35927	35884	3	41
collection_full_00005.xml	40346662	55	reference_only	FLASH	Fast Length Adjustment of Short reads	54441	54448	5	37
collection_full_00005.xml	40346662	60	reference_only	HEB	Hibernate A /B27 /GlutaMAX	56355	56326	3	26
collection_full_00005.xml	40362605	90	system_only	II	diffuse labeling	24828	24832	2	16
collection_full_00005.xml	40128392	114	system_only	i.p.	time points after application of clozapine	79783	79739	4	42
collection_full_00005.xml	40384979	37	system_only	PE150	HiSeqPE150 sequencing platform	13060	13028	5	30
collection_full_00005.xml	40384979	44	system_only	II	Biosciences	14594	14601	2	11
collection_full_00005.xml	40384979	64	system_only	TWEAKR	TNF-related weak inducer of apoptosis receptor	31616	31568	6	46
collection_full_00005.xml	40384979	75	reference_only	PARP	Poly(ADP-Ribose) Polymerase 1	41435	41404	4	29
collection_full_00005.xml	40384979	75	reference_only	DHX33	DEAH-Box Helicase 33	43803	43781	5	20
collection_full_00005.xml	40384979	75	reference_only	MAVS	"MAVS	Mitochondrial antiviral-signaling protein"	43877	43829	4	46
collection_full_00005.xml	40384979	75	system_only	BAX	BCL2 Associated X Apoptosis Reulator	41075	41037	3	36
collection_full_00005.xml	40384979	75	system_only	RIPK1	"RIPK1	Receptor Interacting Serine/Threonine Kinase 1"	41579	41525	5	52
collection_full_00005.xml	40384979	75	system_only	CaMKII	"CAMK2A	Calcium/Calmodulin Dependent Protein Kinase II Alpha"	42132	42071	6	59
collection_full_00005.xml	40384979	75	system_only	TRPM7	"TRPM7	Transient receptor potential cation channel, subfamily M, member 7"	42926	42852	5	72
collection_full_00005.xml	40384979	75	system_only	PGAM5	"PGAM5	Mitochondrial Serine/threonine-protein phosphatase"	43408	43350	5	56
collection_full_00005.xml	40384979	75	system_only	DHX33	"DHX33	DEAH-Box Helicase 33"	43803	43775	5	26
collection_full_00005.xml	40384979	75	system_only	MAVS	Mitochondrial antiviral-signaling protein	43877	43834	4	41
collection_full_00005.xml	40384979	75	system_only	TRAF3	"TRAF3	TNF receptor-associated factor"	44034	43996	5	36
collection_full_00005.xml	40384979	75	system_only	IKKe	"IKBKE	Inhibitor of nuclear factor kappa-B kinase subunit epsilon"	44261	44195	4	64
collection_full_00005.xml	40384979	75	system_only	NLRP3	"NLRP3	NOD-like receptor family, pyrin domain containing 3"	45226	45167	5	57
collection_full_00005.xml	40384979	75	system_only	ASC	Apoptosis-associated speck-like protein containing a CARD	45318	45259	3	57
collection_full_00005.xml	40050704	26	reference_only	PYCARD	PYD and CARD domain containing	18279	18247	6	30
collection_full_00005.xml	40050704	27	system_only	ASC	apoptosis-associated speck-like protein containing a CARD	19757	19698	3	57
collection_full_00005.xml	40050704	50	system_only	LIPA	lipase A, lysosomal acid type	36556	36525	4	29
collection_full_00005.xml	40050704	84	system_only	T/C	the following classifications: epsilon2 (T/T), epsilon3	58060	58003	3	55
collection_full_00005.xml	40050704	141	reference_only	CDR	calculated based on isotype-normalized counts	87212	87217	3	45
collection_full_00005.xml	40050704	171	reference_only	e	effect	103159	103151	1	6
collection_full_00005.xml	40254982	4	system_only	PLS1+	PLS1 was divided into positive contribution	888	843	5	43
collection_full_00005.xml	40254982	12	reference_only	bitemporal	bilateral temporal lobe stimulation	5621	5584	10	35
collection_full_00005.xml	40254982	12	system_only	Fornito	profiles connect the transcriptome and neuroimaging	4531	4478	7	51
collection_full_00005.xml	40254982	29	reference_only	vi	variation;	12068	12056	2	10
collection_full_00005.xml	40311613	12	system_only	Hi BAM	IIhi BAMs	3331	3320	6	9
collection_full_00005.xml	40311613	12	system_only	Lo BAM	IIlo BAMs	3401	3390	6	9
collection_full_00005.xml	40311613	59	system_only	TamCI	tamoxifen injection 2 days post-monocyte transfer	22728	22677	5	49
collection_full_00005.xml	40311613	134	system_only	cDC2	monocytes and conventional type 2 dendritic cells	48196	48145	4	49
collection_full_00005.xml	40311613	154	reference_only	indels	insertions or deletions	61513	61488	6	23
collection_full_00005.xml	40311613	169	reference_only	tTA	tetracycline transactivator	74642	74613	3	27
collection_full_00005.xml	40311613	169	system_only	tTA	transactivator	74642	74626	3	14
collection_full_00005.xml	40311613	213	reference_only	GEM	gel beads in emulsion	102254	102231	3	21
collection_full_00005.xml	40311613	243	system_only	Ripley	Ripley's isotropic correction used for rectangular and polygonal windows	123398	123324	6	72
collection_full_00005.xml	40420159	73	reference_only	D	days	27333	27327	1	4
collection_full_00005.xml	40345165	8	reference_only	F-P	frontoparietal	8771	8755	3	14
collection_full_00005.xml	40345165	54	reference_only	TCEP	tris (2-carboxyethyl)phosphine hydrochloride	56764	56718	4	44
collection_full_00005.xml	40439794	31	reference_only	apoe	apolipoprotein E	17928	17910	4	16
collection_full_00005.xml	40439794	42	system_only	EV	sEV	23246	23241	2	3
collection_full_00005.xml	40450318	25	system_only	II	in Tissuelyser	11038	11022	2	14
collection_full_00005.xml	40450318	70	system_only	Ro/e	ratio of observed to expected cell numbers	32675	32631	4	42
collection_full_00005.xml	40450296	32	reference_only	sce	SingleCellExperiment	16723	16701	3	20
collection_full_00005.xml	40450296	35	system_only	PBST	PBS containing 1% Tween-20	19814	19786	4	26
collection_full_00005.xml	40450296	42	system_only	TBST	TBS containing 1% Triton X-100	25952	25920	4	30
collection_full_00005.xml	40450296	67	reference_only	red	Up-regulated	47853	47839	3	12
collection_full_00005.xml	40457525	22	system_only	China	purchased from SinoBiological	10357	10326	5	29
collection_full_00005.xml	40457525	34	system_only	pRBC	pRBC: microglia = 20: 1	14685	14691	4	23
collection_full_00005.xml	40457525	64	system_only	pRBC	pRBC: Microglia = 20: 1	34776	34782	4	23
collection_full_00005.xml	40457525	66	system_only	LFA-1	co-localization of the co-stimulatory cell-surface molecule CD18	36354	36288	5	64
collection_full_00005.xml	40036275	18	system_only	Leica	whole-slide scanner	7218	7197	5	19
collection_full_00005.xml	40036275	33	reference_only	BPND	(B) Regional 11C-PK11195 binding potential	15064	15020	4	42
collection_full_00005.xml	40036275	70	system_only	TSPO	Translocator protein 18 kDa	24047	24018	4	27
collection_full_00005.xml	40475455	9	system_only	RBD	described as PD	5491	5496	3	15
collection_full_00005.xml	40475455	13	system_only	em/emra	effector memory/terminally differentiated effector memory	10367	10308	7	57
collection_full_00005.xml	40475455	89	reference_only	C,E	single-cell data	33061	33043	3	16
collection_full_00005.xml	40475455	89	system_only	C,D	cell frequencies (D,F) for blood	33118	33084	3	32
collection_full_00005.xml	40490799	42	system_only	NN	telencephalic regions	20272	20298	2	21
collection_full_00005.xml	40404995	13	system_only	Af	autofluorescent storage material	9682	9648	2	32
collection_full_00005.xml	40404995	92	system_only	Af	autofluorescent storage material	75879	75845	2	32
collection_full_00005.xml	40404995	115	system_only	Af	autofluorescent storage material	89031	88997	2	32
collection_full_00005.xml	40404995	136	reference_only	ref.	https://github.com/Ruoqing-feng/Aging-Optic_nerve_MERFISH_scRNA-seq	92663	92594	4	67
collection_full_00005.xml	40502789	21	system_only	TMT	Tandem Mass Tag Protein and Peptide Labeling	11189	11143	3	44
collection_full_00005.xml	40502789	44	system_only	MIG	migration and subsequent immune responses: CXCL9	19779	19729	3	48
collection_full_00005.xml	40349168	13	system_only	WT	with four distinct genotypes: Ms4a4a+/+	8835	8793	2	39
collection_full_00005.xml	40349168	86	system_only	Takara	RT reagent Kit with gDNA Eraser	59377	59344	6	31
collection_full_00005.xml	40349168	124	system_only	SeekGene	SeekOne Digital Droplet Single Cell 3' library preparation kit	75458	75394	8	62
collection_full_00005.xml	40542355	19	reference_only	MET	Medicine and Health Technology	9321	9289	3	30
collection_full_00005.xml	40542355	75	system_only	AS C	astrocytes in their designated compartment	47363	47319	4	42
collection_full_00005.xml	40542355	99	system_only	SH	Finnish Cultural Foundation	65910	65881	2	27
collection_full_00005.xml	40542355	99	system_only	TH	the Tampere Institute for Advanced Study	66058	66016	2	40
collection_full_00005.xml	40542355	231	system_only	LPS	Microglia responses to Pro-inflammatory stimuli	74685	74636	3	47
collection_full_00005.xml	40585969	8	system_only	hBVOs	with blood vessel organoids	4075	4046	5	27
collection_full_00005.xml	40585969	13	system_only	Sigma	using 0.5 mM EDTA	5975	5956	5	17
collection_full_00005.xml	40585969	19	reference_only	mum	micrometers using the formula: Length	10773	10734	3	37
collection_full_00005.xml	40585969	243	reference_only	green	GFP fluorescence highlighting hBVO-derived vascular networks	65398	65336	5	60
collection_full_00005.xml	40618091	52	reference_only	green	g Representative images show NeuN +	38231	38194	5	35
collection_full_00005.xml	40618091	60	system_only	Chrm3	acetylcholine receptor M3	49812	49830	5	25
collection_full_00005.xml	40618091	201	system_only	Neil3	Endonuclease VIII-like 3	81893	81867	5	24
collection_full_00005.xml	40644312	2	system_only	iNgly1-/-	inducible whole-body Ngly1 knockout mouse	671	628	9	41
collection_full_00005.xml	40644312	49	reference_only	Cx3cr1-cre	B6J.B6N(Cg)-Cx3cr1tm1.1(cre)Jung/J	39132	39096	10	34
collection_full_00005.xml	40644312	49	system_only	UBC-Cre-ERT2	B6.Cg-Ndor1Tg(UBC-cre/ERT2)1Ejb/1J transgenic mice	38734	38682	12	50
collection_full_00005.xml	40644312	49	system_only	Cx3cr1-cre	-Cx3cr1tm1.1(cre)Jung/J	39132	39107	10	23
collection_full_00005.xml	40644312	50	system_only	iNgly1-/-	tamoxifen-inducible Ngly1 knockout mice	39285	39244	9	39
collection_full_00005.xml	40644312	63	system_only	Bio-Rad	incubated with HRP-conjugated secondary antibody	45376	45326	7	48
collection_full_00005.xml	40650067	88	reference_only	X.L.	Xijun Liu	46191	46197	4	9
collection_full_00005.xml	40650067	88	reference_only	X.L.	Xiujuan Lang	46215	46221	4	12
collection_full_00005.xml	40649727	40	system_only	KO	EAE-KO + AA	26004	26008	2	11
collection_full_00005.xml	40649727	46	system_only	DMEM F12	Dulbecco's Modified Eagle's Medium/Ham's F-12 without L-Glutamine	28599	28532	8	65
collection_full_00005.xml	40649727	64	reference_only	M.R.	Mariangela Ruggirello	37631	37637	4	21
collection_full_00005.xml	40649727	64	reference_only	M.R.	Mario Rende	37679	37685	4	11
collection_full_00005.xml	40649727	64	reference_only	M.R.	Mariangela Ruggirello	37717	37723	4	21
collection_full_00005.xml	40649727	64	reference_only	M.R.	Mario Rende	37849	37855	4	11
collection_full_00005.xml	40649727	64	reference_only	M.R.	Mario Rende	38058	38064	4	11
collection_full_00005.xml	40673003	132	reference_only	mpox	Monkeypox	44083	44072	4	9
collection_full_00005.xml	40678243	22	system_only	Selenop	selenoproteins with antioxidant functions	15382	15339	7	41
collection_full_00005.xml	40678243	35	reference_only	MAPT	mice revealed 430 upregulated proteins, with tau	25568	25518	4	48
collection_full_00005.xml	40678243	39	system_only	Tfam	downregulation of genes associated with mitochondria	31597	31543	4	52
collection_full_00005.xml	40678243	49	reference_only	Cx3cr1Cre/ERT2	B6.129P2(C)-Cx3cr1tm2.1(cre/ERT2)Jung/J	40447	40406	14	39
collection_full_00005.xml	40678243	49	system_only	Cx3cr1Cre/ERT2	-Cx3cr1tm2.1(cre/ERT2)Jung/J	40447	40417	14	28
collection_full_00005.xml	40678243	90	system_only	FEI	plunge-frozen using a Vitrobot IV	64539	64504	3	33
collection_full_00005.xml	40678243	109	system_only	ONI	microscope Nanoimager	73196	73173	3	21
collection_full_00005.xml	40678243	232	reference_only	TauP301L	tau expression of P301L tau	93398	93369	8	27
collection_full_00005.xml	40471789	105	system_only	iN	independent monocultures for each cell type	71571	71526	2	43
collection_full_00005.xml	40471789	207	system_only	iNs	iPSC differentiation protocols for neurons	84279	84235	3	42
collection_full_00005.xml	40725231	14	system_only	CL	classical glioblastoma subtype	6374	6342	2	30
collection_full_00005.xml	40725231	41	system_only	RNA	Pearson's correlation coefficient R < -0.5	16384	16389	3	42
collection_full_00005.xml	40724534	3	system_only	Abeta	containing misfolded beta-amyloid	1720	1685	5	33
collection_full_00005.xml	40724534	7	system_only	nAChR	receptors-muscarinic (mAChR) and nicotinic	4416	4372	5	42
collection_full_00005.xml	40724534	57	system_only	MLA	homomeric alpha7 and alpha7beta2 receptors	52518	52546	3	42
collection_full_00005.xml	40724534	66	system_only	pM	primary astrocytes to physiological	57539	57502	2	35
collection_full_00005.xml	40724534	380	system_only	Abeta	Ligands or Beta-Amyloid	114137	114112	5	23
collection_full_00005.xml	40724534	405	system_only	AD	and negatively correlated with Abeta	119430	119434	2	36
collection_full_00005.xml	40724534	405	system_only	AD	and negatively correlated with Abeta	120364	120368	2	36
collection_full_00005.xml	40724534	405	system_only	AR	"AD		 	temporal cortex	alpha-BTX binding"	120908	120867	2	39
collection_full_00005.xml	40724534	405	system_only	AD	and negatively correlated with Abeta	121951	121955	2	36
collection_full_00005.xml	40716081	27	system_only	Trem2  +/-	Trem2 haploinsufficiency mice	16156	16125	10	29
collection_full_00005.xml	40716081	28	system_only	"Trem2

+/+"	Trem2 wild-type	17007	16990	10	15
collection_full_00005.xml	40716081	28	system_only	"Trem2

+/-"	Trem2 heterozygous	17044	17024	10	18
collection_full_00005.xml	40716081	43	system_only	Apoe	acute injury similarly upregulate lipid-handling and complement genes	30029	29958	4	69
collection_full_00005.xml	40659845	33	reference_only	NF-kappaB	nuclear factor kappa-light-chain-enhancer of activated B cells	27295	27231	9	62
collection_full_00005.xml	40764944	20	system_only	IL-33-/-	IL-33 CRISPR knockout	8188	8165	8	21
collection_full_00005.xml	40764944	36	system_only	dT	Polyadenylated mRNA was enriched using oligo	15530	15484	2	44
collection_full_00005.xml	40770658	21	reference_only	green	LysoFQ-GBA probe fluorescence	19837	19806	5	29
collection_full_00005.xml	40770658	27	system_only	1000G	1000 Genomes Phase 3	29243	29221	5	20
collection_full_00005.xml	40770658	56	reference_only	MRM	monitoring mode	43901	43884	3	15
collection_full_00005.xml	40770658	56	system_only	MRM	multiple reaction monitoring mode	43901	43866	3	33
collection_full_00005.xml	40770658	62	reference_only	3-O-sulfo	3-O-sulfo)GalCer(d18:1/18:0(2OH)	52664	52630	9	32
collection_full_00005.xml	40770658	128	system_only	GCase	imiglucerase	102604	102611	5	12
collection_full_00005.xml	40770658	271	reference_only	BMP	bis(monacylglycerol) phosphate	129711	129679	3	30
collection_full_00005.xml	40787447	23	system_only	Lasso	including spanning penalized regressions	13442	13400	5	40
collection_full_00005.xml	40787447	44	system_only	TBST	Tris-buffered saline containing 0.1% Tween-20	20862	20815	4	45
collection_full_00005.xml	40188316	16	system_only	Mix	microg psPAX2	9981	9990	3	13
collection_full_00005.xml	40188316	44	reference_only	IF	immunofluorescence	21764	21744	2	18
collection_full_00005.xml	40188316	44	system_only	IF	Information for primary antibodies for immunofluorescence	21764	21705	2	57
collection_full_00005.xml	40188316	46	system_only	GE	Image Express Confocal HT.ai or IN Cell Analyzer 6000	23151	23096	2	53
collection_full_00005.xml	40188316	66	system_only	PBS	Primary antibodies diluted in Intercept	33815	33774	3	39
collection_full_00005.xml	40188316	68	system_only	GE	imaged using an IN Cell Analyzer 6000	35168	35129	2	37
collection_full_00005.xml	40188316	88	reference_only	B	beads	49660	49653	1	5
collection_full_00005.xml	40792869	24	reference_only	min	minutes	12511	12502	3	7
collection_full_00005.xml	40792869	24	system_only	Roche	secondary antibody solution which included a sheep anti-dixogenin-rhodamine	12908	12831	5	75
collection_full_00005.xml	40792869	51	system_only	IR	irradiated at P1	25669	25651	2	16
collection_full_00005.xml	40792869	58	reference_only	P3+5	P3 and P5	31794	31783	4	9
collection_full_00005.xml	40792869	58	system_only	P5	P3+5	31790	31794	2	4
collection_full_00005.xml	40792869	64	reference_only	P3	p=0.0379	40607	40611	2	8
collection_full_00005.xml	40792869	82	reference_only	P5	p=0.0005 mCAT	53579	53604	2	13
collection_full_00005.xml	40833988	50	system_only	ERVW-1	HERV-W1	34903	34894	6	7
collection_full_00005.xml	40847374	15	reference_only	NFkappaB	/nuclear factor kappa-light-chain-enhancer of activated B cells	6406	6341	8	63
collection_full_00005.xml	40847374	49	system_only	Tnew/	Tnew + Tfamiliar	25455	25461	5	16
collection_full_00005.xml	40847374	79	system_only	S100a	S100 calcium-binding protein A	38119	38087	5	30
collection_full_00005.xml	40847374	89	system_only	ALT	Finally, liver function	47097	47072	3	23
collection_full_00005.xml	40846818	57	reference_only	flox	RhoA-flox	17774	17763	4	9
collection_full_00005.xml	40846836	17	system_only	pMN	NMP, motor neuron progenitor cells	10682	10646	3	34
collection_full_00005.xml	40846836	17	system_only	pMesoderm	spNPC, mesoderm progenitor cells	10761	10727	9	32
collection_full_00005.xml	40846836	25	reference_only	human	host (mouse, mm10 genome) and graft	16867	16830	5	35
collection_full_00005.xml	40846836	33	reference_only	C3	Complement3	21353	21340	2	11
collection_full_00005.xml	39823578	26	system_only	Tom	https://biosys.bgi.com/	18235	18240	3	23
collection_full_00005.xml	40864831	51	system_only	sTREM2	studies, TREM2 is cleaved to myeloid soluble trigger receptor 2	38675	38610	6	63
collection_full_00005.xml	40894034	19	system_only	pTau-231	hyperphosphorylated-tau 231	14846	14817	8	27
collection_full_00005.xml	40894034	42	system_only	SEA-AD	Seattle Alzheimer's Disease Brain Cell Atlas	29534	29488	6	44
collection_full_00005.xml	40894034	68	system_only	ECL	Merck Millipore Corporation	42081	42086	3	27
collection_full_00005.xml	40894034	68	system_only	NIH	analyzed with ImageJ	42261	42239	3	20
collection_full_00005.xml	40894034	168	system_only	SEA-AD	Seattle Alzheimer's Disease Brain Cell Atlas	52070	52024	6	44
collection_full_00005.xml	40917546	48	system_only	CX3CL1	CX3CL1-CX3CR1 axis plays a pivotal role: exercise elevates neuronal fractalkine	34043	33962	6	79
collection_full_00005.xml	40624910	79	system_only	NIH	conjunction with the AnalyzeSkeleton plugin	64333	64288	3	43
collection_full_00005.xml	40948939	15	system_only	NES	"normalized
enrichment score"	10059	10030	3	27
collection_full_00005.xml	40948939	17	system_only	GO BP	gene ontology terms for biological processes	12026	11980	5	44
collection_full_00005.xml	40948939	74	system_only	PD	group differences	46868	46849	2	17
collection_full_00005.xml	40931631	46	system_only	IFN MF	into five subpopulations: monocyte, MF1, MF3, MF4, and interferon-associated macrophages	29964	29874	6	88
collection_full_00005.xml	40931631	70	reference_only	C	cells	50052	50045	1	5
collection_full_00005.xml	40943148	27	reference_only	Dap12	DNAX Activation Protein of 12 kDa	20388	20353	5	33
collection_full_00005.xml	40959764	98	system_only	TPM	Counts Per Million	65970	65950	3	18
collection_full_00005.xml	40959764	112	reference_only	Bank	https://www.brainbank.nl	71641	71647	4	24
collection_full_00005.xml	40316675	68	reference_only	AEBSF	4-(2-aminoethyl) benzenesul-fonyl fluoride hydrochloride	62036	61978	5	56
collection_full_00005.xml	40316675	68	system_only	beta-ME	mMbeta-mercaptoethanol	61873	61849	7	22
collection_full_00005.xml	40316675	80	system_only	MS	ThermoFisher	68879	68883	2	12
collection_full_00005.xml	40964391	19	system_only	InN	excitatory (ExN) and inhibitory	16916	16883	3	31
collection_full_00005.xml	40964391	69	reference_only	SCVI	scvi-tools v0.20.3	57614	57620	4	18
collection_full_00005.xml	40964391	95	reference_only	c	cells	69144	69137	1	5
collection_full_00005.xml	40971013	50	system_only	MIG	migration and subsequent immune responses: CXCL9	23987	23937	3	48
collection_full_00005.xml	41001524	182	system_only	cART_HIV	subjects with ART-treated HIV infection	74837	74796	8	39
collection_full_00005.xml	41008554	4	system_only	CHL1+/+	CHL1-/- mice and their wild-type	3955	3921	7	32
collection_full_00005.xml	41008554	114	system_only	A,B	angle (B,D) over time	39337	39314	3	21
collection_full_00005.xml	41030458	24	reference_only	red	Inflammation-related genes	12398	12370	3	26
collection_full_00005.xml	41030458	49	system_only	NRGN	downregulation of genes supporting BBB integrity	34225	34175	4	48
collection_full_00005.xml	41017072	26	system_only	CHOR	choroid plexus epithelial cells	8216	8222	4	31
collection_full_00005.xml	41024223	30	system_only	Lgmn	including lysosomal enzymes	21364	21335	4	27
collection_full_00005.xml	41040165	222	reference_only	GLM	stats::glm()	88955	88960	3	12
collection_full_00005.xml	41053005	30	reference_only	SNPs	significant variant within per intron usage region	16809	16824	4	50
collection_full_00005.xml	40790613	8	reference_only	CD	cyclodextrin	6558	6544	2	12
collection_full_00005.xml	40790613	8	system_only	CD	cholesterol-lowering drug cyclodextrin	6558	6518	2	38
collection_full_00005.xml	40790613	23	system_only	SEA-AD	Seattle Alzheimer's Disease Brain Cell Atlas	20556	20564	6	44
collection_full_00005.xml	40790613	52	system_only	SEA-AD	Seattle Alzheimer's Disease Brain Cell Atlas	40579	40533	6	44
collection_full_00005.xml	40754867	7	system_only	Nogo	Nogo-family genes, including RTN4	7987	7952	4	33
collection_full_00005.xml	40754867	16	system_only	RPKM	Reads Per Kilobase per million mapped reads	14567	14522	4	43
collection_full_00005.xml	40754867	20	system_only	DEG	differential gene expression analysis	17213	17174	3	37
collection_full_00005.xml	40754867	28	system_only	PirB	S1pr2, Lilrb3	22392	22377	4	13
collection_full_00005.xml	40754867	32	system_only	I: C	includes translationally relevant microglial gene expression following LPS or POLY	25611	25527	4	82
collection_full_00005.xml	40850934	27	reference_only	ASTR-A1	associated with activated or A1 astrocytes	23494	23450	7	42
collection_full_00005.xml	40850934	85	reference_only	Flt3	fms-related tyrosine kinase 3 ligand	80791	80753	4	36
collection_full_00005.xml	40888599	63	system_only	PBST	PBS containing 0.1% Triton X-100	21665	21631	4	32
collection_full_00005.xml	40888599	65	system_only	BD	interpolation-based t-distributed Stochastic Neighbor Embedding (FitSNE) in FlowJo	26986	26902	2	82
collection_full_00005.xml	40888599	71	reference_only	C9	C9orf72	30022	30013	2	7
collection_full_00005.xml	40888599	72	reference_only	C9	C9orf72	30822	30813	2	7
collection_full_00005.xml	40888599	73	reference_only	C9	C9orf72	31603	31594	2	7
collection_full_00005.xml	40990055	64	reference_only	Q-PCR	Quantitative real-time PCR	62937	62909	5	26
collection_full_00005.xml	40990055	64	system_only	PCR	Q-PCR	62932	62937	3	5
collection_full_00005.xml	40990055	99	reference_only	AUC	area under the recovery curve	83607	83576	3	29
collection_full_00005.xml	40990055	99	system_only	AUC	AUCell computed the area under the recovery curve	83607	83556	3	49
collection_full_00005.xml	40974256	28	reference_only	MIF	macrophages expressed high levels of pro-angiogenic	14161	14108	3	51
collection_full_00005.xml	40974256	36	system_only	Tn	the lymphoid-homing CCR7 chemokine receptor expressed in naive	22319	22255	2	62
collection_full_00005.xml	40974256	36	system_only	Teff	not effector	22369	22355	4	12
collection_full_00005.xml	40974256	36	system_only	Tregs	featured FOXP3+ regulatory T cells	23492	23456	5	34
collection_full_00005.xml	39104165	4	reference_only	Xc-	xCT/SLC7A11	3816	3821	3	11
collection_full_00005.xml	39104165	20	system_only	Jing	Beijing, China, license No. SCXK	13250	13216	4	32
collection_full_00005.xml	39104165	48	reference_only	AUC	area under the ROC curve	33225	33199	3	24
collection_full_00005.xml	39104165	56	system_only	TWEAK	TNF-like weak inducer of apoptosis	39758	39722	5	34
collection_full_00005.xml	39104165	69	system_only	NOX2	hydrogen oxidase 2	50369	50349	4	18
collection_full_00005.xml	40934970	116	reference_only	CFSE	5(6)-carboxyfluorescein diacetate	63449	63414	4	33
collection_full_00005.xml	40934970	116	system_only	CFSE	-carboxyfluorescein diacetate	63449	63418	4	29
collection_full_00006.xml	41075102	34	system_only	ROI	nuclear/NF-kappaB cytoplasmic	18121	18136	3	29
collection_full_00006.xml	41082580	13	reference_only	luc	Luciferase	8460	8448	3	10
collection_full_00006.xml	41082580	29	system_only	Abcam	anti-fibronectin (Merck; #ab2033), anti-laminin	20704	20655	5	47
collection_full_00006.xml	41082580	34	system_only	TBST	Tris-buffered solution pH 7.6	23189	23195	4	29
collection_full_00006.xml	41082580	34	system_only	ECL	enhanced chemiluminescence detection system	23809	23764	3	43
collection_full_00006.xml	41082580	42	system_only	Pdpn	Podoplanin that has been linked with astrogliosis	27912	27929	4	49
collection_full_00006.xml	41083468	256	reference_only	GitHub	https://github.com/nick-c-green/Caudate-scMultiome; 10.5281/zenodo.16576728	73778	73701	6	75
collection_full_00006.xml	41085045	18	system_only	CS	contralateral (non-injected) side	16572	16537	2	33
collection_full_00006.xml	41085045	21	reference_only	top	trajectories: pseudotime	18734	18708	3	24
collection_full_00006.xml	41085045	50	system_only	TRIF	Toll/interleukin 1 receptor domain-containing adapter inducing IFN-beta	53003	52930	4	71
collection_full_00006.xml	41090749	23	reference_only	GKO	global Trem2 knockout	16475	16452	3	21
collection_full_00006.xml	41090749	134	system_only	LAT	T-cell activation	79961	79977	3	17
collection_full_00006.xml	41090749	414	reference_only	ALSP-CSF1R	ALSP Associated with CSF1R Mutations	106148	106110	10	36
collection_full_00006.xml	41090749	418	reference_only	CDC42	cell division control protein 42 homolog	107891	107849	5	40
collection_full_00006.xml	41105712	5	system_only	RGD	Arginylglycylaspartic acid	6483	6455	3	26
collection_full_00006.xml	41105712	26	system_only	Top	two neuronal populations in miBrain for:	28258	28216	3	40
collection_full_00006.xml	41118343	16	system_only	Abeta	that models beta-amyloid	9027	9001	5	24
collection_full_00006.xml	41126391	2	reference_only	synuclein	SNCA/alpha-synuclein	281	259	9	20
collection_full_00006.xml	41126391	5	reference_only	synuclein	SNCA/alpha-synuclein	2720	2698	9	20
collection_full_00006.xml	41126391	12	reference_only	delta	Diff cells, truncated SNCA	9501	9473	5	26
collection_full_00006.xml	41126391	18	reference_only	astro	astrocyte	14921	14910	5	9
collection_full_00006.xml	41126391	18	reference_only	oligo	oligodendrocyte	14962	14945	5	15
collection_full_00006.xml	41126391	31	reference_only	sol	soluble	23562	23553	3	7
collection_full_00006.xml	41126391	31	reference_only	insol	insoluble	23582	23571	5	9
collection_full_00006.xml	41126391	31	reference_only	astro	astrocytes	24329	24317	5	10
collection_full_00006.xml	41126391	31	reference_only	oligo	oligodendrocytes	24355	24337	5	16
collection_full_00006.xml	41126391	39	system_only	CTSD	cathepsin D [red]	32772	32778	4	17
collection_full_00006.xml	41126391	54	reference_only	B	bar	45694	45689	1	3
collection_full_00006.xml	41126391	78	system_only	GE	Image-Quant software	63936	63914	2	20
collection_full_00006.xml	41126391	84	system_only	snca-/-	SNCA knockout mice	65245	65225	7	18
collection_full_00006.xml	41134673	92	reference_only	dox	doxycycline	15357	15344	3	11
collection_full_00006.xml	41134673	224	reference_only	KSR	Knockout replacement serum	37643	37615	3	26
collection_full_00006.xml	41134673	224	system_only	ITS-G	"kit	STEMCELL Technologies	Cat# 5310	 	Insulin-transferin-selenite"	35795	35728	5	65
collection_full_00006.xml	41134673	234	reference_only	KSR	Knockout replacement serum	41102	41074	3	26
collection_full_00006.xml	41134673	345	reference_only	AraC	are already present, cytosine beta-D-arabinofuranoside	55223	55167	4	54
collection_full_00006.xml	41134673	482	reference_only	AraC	and/or treatment with cytosine beta-D-arabinofuranoside	78828	78771	4	55
collection_full_00006.xml	41134910	207	reference_only	activation	another issue: can your method distinguish between positive regulation	57488	57416	10	70
collection_full_00006.xml	41139159	7	system_only	NfL	neurofilament light chain protein	5878	5843	3	33
collection_full_00006.xml	41139159	13	reference_only	PEI	poly(ethyleneimine)	10247	10226	3	19
collection_full_00006.xml	41139159	15	system_only	CMC	carboxymethylcellulose sodium salt	11935	11899	3	34
collection_full_00006.xml	41139159	45	system_only	T-test	with the previous observation, we detected an increment	29636	29579	6	55
collection_full_00006.xml	41139159	73	system_only	UV	UV-SARS-CoV-2 control cultures	56361	56329	2	30
collection_full_00006.xml	41139159	93	system_only	K18	cytokeratin-18	74287	74271	3	14
collection_full_00006.xml	41145651	62	system_only	DG	3-month-old young adult mice	33248	33290	2	28
collection_full_00006.xml	41152941	23	system_only	PFA	phosphate-buffered saline, pH 7.4	8981	8946	3	33
collection_full_00006.xml	41157563	21	system_only	NIH	analyzed using the FIJI/ImageJ software v1.54p	12420	12372	3	46
collection_full_00006.xml	41157948	64	system_only	LDSC-SEG	linkage disequilibrium score regression applied to specifically expressed genes	26287	26206	8	79
collection_full_00006.xml	41157948	109	reference_only	PCA	performed on cell-type-specific data subsets	57031	57040	3	44
collection_full_00006.xml	41162351	30	reference_only	RSPagl	retrosplenial cortex, agranular area	25467	25429	6	36
collection_full_00006.xml	41162351	40	reference_only	arb	arbor vitae	33494	33481	3	11
collection_full_00006.xml	41162351	45	system_only	SSp	sensory regions, particularly in the primary somatosensory cortex	37803	37736	3	65
collection_full_00006.xml	41162351	45	system_only	AUD	around P6, as well as the opening of ears	38505	38462	3	41
collection_full_00006.xml	41162351	91	reference_only	emmeans	estimated marginal means	69607	69581	7	24
collection_full_00006.xml	41174156	17	system_only	DAM	"""Disease-Associated Microglia"" cell cluster"	8230	8185	3	43
collection_full_00006.xml	41174156	48	system_only	sCxcl16	hippocampus, Cxcl16 is mainly secreted	36066	36026	7	38
collection_full_00006.xml	41174156	108	system_only	MZ	Marco Zattoni, Sabine Bernegger, Barbara Altendorfer and Ludwig Aigner	68719	68647	2	70
collection_full_00006.xml	41174786	18	system_only	SeV	Sendai virus vectors and transgenes	13529	13492	3	35
collection_full_00006.xml	41174786	54	reference_only	"MS-iron"""	MIMS-iron	35968	35978	8	9
collection_full_00006.xml	41174786	54	system_only	MIMS-iron	"""microglia inflamed in MS-iron"""	35978	35945	9	31
collection_full_00006.xml	41174786	151	system_only	LA	Finland government funding	67626	67598	2	26
collection_full_00006.xml	41174786	151	system_only	SH	Finnish MS Foundation	67669	67646	2	21
collection_full_00006.xml	41174786	151	system_only	SH	Finnish Cultural Foundation	67768	67739	2	27
collection_full_00006.xml	41174786	151	system_only	TH	the Tampere Institute for Advanced Study	67909	67867	2	40
collection_full_00006.xml	41174786	151	system_only	LA	Finland	68538	68529	2	7
collection_full_00006.xml	41174786	151	system_only	MN	Programme, University of Turku	68605	68573	2	30
collection_full_00006.xml	41196457	18	reference_only	baseline	body weight measurement and behavioral testing before injury	10388	10326	8	60
collection_full_00006.xml	41196457	69	reference_only	Xc-	SLC7A11/xCT	38527	38532	3	11
collection_full_00006.xml	41214723	29	reference_only	TEC	transcripts of uncertain classification	14188	14147	3	39
collection_full_00006.xml	41214723	29	system_only	TEC	other noncoding RNA, and transcripts of uncertain classification	14188	14122	3	64
collection_full_00006.xml	41223260	34	reference_only	log2FC	log2(fold change)	34159	34140	6	17
collection_full_00006.xml	41223260	35	system_only	AD	FDR-adjusted P = 0.011	35819	35823	2	22
collection_full_00006.xml	41223260	36	system_only	AD	FDR-adjusted P = 0.002	37545	37549	2	22
collection_full_00006.xml	41223260	39	system_only	AD	FDR-adjusted P = 2.28 x 10-8	40862	40866	2	28
collection_full_00006.xml	41223260	42	system_only	AD	FDR-adjusted P = 3.14 x 10-4	43156	43160	2	28
collection_full_00006.xml	41223260	50	system_only	cAMP	heterochromatin organization, adenosine 3',5'-monophosphate	51484	51423	4	59
collection_full_00006.xml	41230551	10	system_only	COs	cerebral organoids [6]	3330	3306	3	22
collection_full_00006.xml	41230551	26	reference_only	neurobasal	NeurobasalTM medium	7573	7552	10	19
collection_full_00006.xml	41230551	42	system_only	BrainPhys	BrainPhysTM Neuronal Medium N2-A & SM1 Kit	9564	9520	9	42
collection_full_00006.xml	41230551	52	system_only	M-CSF	macrophage colony-stimulating factor recombinant protein	11668	11610	5	56
collection_full_00006.xml	41230551	191	system_only	NPCs	NPC morphologies	28248	28280	4	16
collection_full_00006.xml	41238793	24	system_only	LDHA	revealed the upregulation of multiple metabolic signatures	13865	13805	4	58
collection_full_00006.xml	41249504	18	system_only	GFP	Cx3cr1gfp/+ pups showing microglia	10514	10478	3	34
collection_full_00006.xml	41249504	24	system_only	GFP	Cx3cr1gfp/+ mice showing microglial	18078	18041	3	35
collection_full_00006.xml	41249504	24	system_only	WP	whisker plucking from P1 to P7	20106	20074	2	30
collection_full_00006.xml	41249504	32	system_only	tdTomato	restricted to the area of the Emx1cre pattern of expression	27710	27649	8	59
collection_full_00006.xml	41256005	12	system_only	i.e.,	prediction models	10783	10764	5	17
collection_full_00006.xml	41256005	13	system_only	i.e.,	estimated from Stage 1	11331	11307	5	22
collection_full_00006.xml	41256005	21	system_only	Methods	immune cell types that match between two independent studies	17398	17336	7	60
collection_full_00006.xml	41256005	56	system_only	MonoC	monocyte cell types - classical	47101	47068	5	31
collection_full_00006.xml	41256005	127	reference_only	hhex	hematopoietically expressed homeobox protein	63862	63816	4	44
collection_full_00006.xml	41256374	10	system_only	PFDS	Heptadecafluoro-1,1,2,2-tetrahydrodecyl-dimethylchlorosilane	6563	6501	4	60
collection_full_00006.xml	41268340	28	system_only	Ws	was removed, the wet weight	12334	12305	2	27
collection_full_00006.xml	41276912	36	reference_only	PTPRZ1	protein tyrosine phosphatase receptor type Z1	36648	36601	6	45
collection_full_00006.xml	41276912	36	system_only	PTPRZ1	phosphatase receptor type Z1	36648	36618	6	28
collection_full_00006.xml	41276912	90	system_only	NC	non-specific sham siRNA	73464	73439	2	23
collection_full_00006.xml	41279649	145	reference_only	right	Representative brightfield images	65432	65397	5	33
collection_full_00006.xml	41279649	168	system_only	Prog	Progenitor cell types	70708	70685	4	21
collection_full_00006.xml	41282231	149	reference_only	p. adjust	pathway, and color indicates adjusted p-value	66548	66501	9	45
collection_full_00006.xml	41286448	40	system_only	ref.	upstream of TREM2	35159	35140	4	17
collection_full_00006.xml	41286448	53	system_only	NL	endogenous levels with a humanized Abeta sequence carrying the Swedish	45985	45913	2	70
collection_full_00006.xml	41286448	111	system_only	NS	sections nonplated with human microglia; one-way ANOVA	76128	76072	2	54
collection_full_00006.xml	41324649	37	system_only	ONL	of 12-month-old Acbd5-/- mice revealed a decreased ratio between outer	27309	27237	3	70
collection_full_00006.xml	41331787	40	system_only	NIH	analyzed with ImageJ	19125	19103	3	20
collection_full_00006.xml	41331787	41	system_only	NIH	analyzed with ImageJ	20450	20428	3	20
collection_full_00006.xml	41355958	53	reference_only	mock	mock-operated	38294	38279	4	13
collection_full_00006.xml	41355958	65	system_only	SeekGene	SeekOne  Digital Droplet Single Cell 3' library preparation kit	44673	44608	8	63
collection_full_00006.xml	41363028	26	system_only	TR	parameters were as follows: repetition time	10542	10497	2	43
collection_full_00006.xml	41366031	20	system_only	CT	cells within the four annotated GBM regions	15156	15111	2	43
collection_full_00006.xml	41366031	21	system_only	CT	cells in the four anatomic regions	15940	15904	2	34
collection_full_00006.xml	41366031	23	system_only	EC	enriched in GBM stromal cell types	20799	20763	2	34
collection_full_00006.xml	41366031	23	system_only	CT	each tumor subregion	20849	20827	2	20
collection_full_00006.xml	41366031	42	system_only	IT	into brain parenchyma	39062	39039	2	21
collection_full_00006.xml	41373470	45	system_only	muM	HMC3 and human astrocytes	39180	39185	3	25
collection_full_00006.xml	41373470	148	reference_only	c	cells	63425	63418	1	5
collection_full_00006.xml	41379882	12	system_only	n=4	only 0.2+-0.04% of brain leukocytes	9298	9261	3	35
collection_full_00006.xml	41379882	17	system_only	SSC-A	first selected based on side	12662	12632	5	28
collection_full_00006.xml	41379882	60	system_only	n=3	and batf3-/- (J,K) fish	48045	48020	3	23
collection_full_00006.xml	41379882	89	system_only	II	Dickinson	76660	76671	2	9
collection_full_00006.xml	41379882	98	system_only	as '_#'	analysis focusing on protein-coding genes with de-duplicated gene names	79964	79891	7	71
collection_full_00006.xml	41379882	117	reference_only	SEM	standard of the mean	86901	86879	3	20
collection_full_00006.xml	41379882	213	reference_only	mpeg	macrophage-expressed gene	91113	91086	4	25
collection_full_00006.xml	41384508	43	system_only	MRC	from cortical tissues using TRI Reagent	17407	17366	3	39
collection_full_00006.xml	41394741	53	system_only	AppNL-G-F	AppNL-G-F/Fusfl/fl/CNP+/+	39639	39613	9	25
collection_full_00006.xml	41394741	67	system_only	SP	spanning stratum oriens (SO), pyramidalis	48623	48580	2	41
collection_full_00006.xml	41394741	197	system_only	AU	temporal course of GFAP+ profile density	77311	77269	2	40
collection_full_00006.xml	41394741	197	system_only	AU	temporal course of GFAP+ profile density	77733	77691	2	40
collection_full_00006.xml	41394876	14	system_only	ERK	Interestingly, MAPKs	5533	5511	3	20
collection_full_00006.xml	41394876	21	system_only	MS+GA	MS group, and the MS group with gallic acid treatment	7883	7828	5	53
collection_full_00006.xml	41394876	21	system_only	GA	Biological Co.	7930	7951	2	14
collection_full_00006.xml	41415465	9	system_only	Senmayo	Sennet-Mayo senescence gene list	7189	7155	7	32
collection_full_00006.xml	41415465	13	system_only	TEM	effector memory CD8+ T cells	10862	10832	3	28
collection_full_00006.xml	41415465	45	system_only	II	Biosciences	35641	35648	2	11
collection_full_00006.xml	41415465	45	system_only	II	Biosciences	36263	36270	2	11
collection_full_00006.xml	41415465	75	system_only	2019-nCoV	2019 novel coronavirus	52768	52744	9	22
collection_full_00006.xml	41419665	22	system_only	ref.	are specific agonists for GPR41 and GPR43	18107	18064	4	41
collection_full_00006.xml	41419665	31	reference_only	EDA	Extended Data Fig. 4a	25501	25506	3	21
collection_full_00006.xml	41419665	52	system_only	p-ULK1	autophagy-initiating kinase ULK1, a homologue of yeast ATG1, on Ser757	44693	44621	6	70
collection_full_00006.xml	41419665	144	reference_only	merge	merged cells indicating for CD45-positive PAMAs	89134	89085	5	47
collection_full_00006.xml	41419665	144	reference_only	merge	merged cells indicating for CD14-positive PAMAs	89475	89426	5	47
collection_full_00006.xml	41427057	64	reference_only	bps	base pairs	36671	36659	3	10
collection_full_00006.xml	41427352	46	system_only	e/iHPCs	iPSC-derived human hematopoietic progenitor cells	34959	34908	7	49
collection_full_00006.xml	41427352	64	system_only	EDTA	Research Products International #E14000	43933	43939	4	39
collection_full_00006.xml	41427400	3	reference_only	VCID	vascular contributions to cognitive impairment and dementia	1933	1872	4	59
collection_full_00006.xml	41427400	18	system_only	TEM	effector memory	16536	16519	3	15
collection_full_00006.xml	41427400	57	reference_only	Figshare	https://doi.org/10.6084/m9.figshare.30788516	56135	56156	8	44
collection_full_00006.xml	41427400	91	system_only	PCA	principal components	77079	77087	3	20
collection_full_00006.xml	41427400	154	reference_only	that is	than one independent variable was analyzed	92256	92212	7	42
collection_full_00006.xml	41427400	163	reference_only	VCID	Vascular Contributions to Cognitive Impairment and Dementia	93377	93316	4	59
collection_full_00006.xml	41440631	11	system_only	Ome	to mechanical impact with pan-caspase inhibitor Z-Val-Ala-Asp-	11061	10998	3	62
collection_full_00006.xml	41440631	117	system_only	LDH	cell death	48181	48169	3	10
collection_full_00006.xml	41465340	34	system_only	N370S	p.Asn370Ser	30426	30413	5	11
collection_full_00006.xml	41465340	34	system_only	D409V	and p.Asp409Val	30493	30476	5	15
collection_full_00006.xml	41465340	59	system_only	Grn	progranulin	48274	48261	3	11
collection_full_00006.xml	41465340	105	system_only	PKM	Pramod K. Mistry	73929	73911	3	16
collection_full_00006.xml	41465340	193	reference_only	poly I:C	polyinosinic:polycytidylic acid	88030	87997	8	31
collection_full_00006.xml	41465378	58	reference_only	A	acid	31798	31821	1	4
collection_full_00006.xml	41465378	132	reference_only	A-C	astrocytes	44354	44342	3	10
collection_full_00006.xml	41465378	132	system_only	A-C	agents in cultures of astrocytes	44354	44320	3	32
collection_full_00006.xml	41466027	5	system_only	GSMR	generalized summary data based Mendelian randomization	1120	1064	4	54
collection_full_00006.xml	41466027	126	reference_only	NF-kappab	nuclear factor kappa-light-chain-enhancer of activated B cells	34378	34314	9	62
collection_full_00006.xml	41472674	53	system_only	ESG	CB2-KO-eGFP strain using homologous recombination in embryonic stem cells	25261	25186	3	73
collection_full_00006.xml	41472674	70	system_only	PBST	PBS with 0.3% Triton X-100	34580	34589	4	26
collection_full_00006.xml	41474758	54	system_only	AraC	and fresh maintenance medium supplemented with 2.5 microM Cytosine beta-D-arabinofuranoside	20035	19942	4	91
collection_full_00006.xml	41503214	46	system_only	GRN	growth-arrest-specific protein (GAS), progranulin	14754	14703	3	49
collection_full_00006.xml	41503214	54	reference_only	C	clusters	18396	18386	1	8
collection_full_00006.xml	41503214	145	system_only	Prkcd	overexpress mouse PKCdelta	57154	57126	5	26
collection_full_00006.xml	41510281	13	reference_only	IF	immunofluorescence staining	11679	11650	2	27
collection_full_00006.xml	41510281	13	system_only	IF	is further supported by spatial transcriptomic analyses and immunofluorescence staining	11679	11590	2	87
collection_full_00006.xml	41510281	35	system_only	IACUC	Animal Care and Use Committee	34602	34571	5	29
collection_full_00006.xml	41510281	58	system_only	AND	jaundice	44814	44870	3	8
collection_full_00006.xml	41535549	26	system_only	A	acetonitrile	16007	16013	1	12
collection_full_00006.xml	41535549	41	system_only	refs.	were identified as |log2FC| >0.25 and adjusted P value <0.05	28014	27952	5	60
collection_full_00006.xml	41535549	79	reference_only	c	component	46814	46803	1	9
collection_full_00006.xml	41548215	36	system_only	cAMP	Cyclic AMP Sodium Salt	7300	7276	4	22
collection_full_00006.xml	41548215	101	system_only	cAMP	Cyclic AMP Sodium Salt	14453	14429	4	22
collection_full_00006.xml	41548215	105	system_only	cAMP	cyclic AMP sodium salt	18247	18223	4	22
collection_full_00006.xml	41574049	54	system_only	Sp1	transcription factor 1	34484	34460	3	22
collection_full_00006.xml	41580393	10	reference_only	M.	https://BioRender.com/mls61se	8973	8977	2	29
collection_full_00006.xml	41580393	22	system_only	Apoe	metabolic processes'	24798	24776	4	20
collection_full_00006.xml	41580393	37	reference_only	M.	https://BioRender.com/mls61se	36571	36575	2	29
collection_full_00006.xml	41580393	55	system_only	IDT	injected with 40 ng/mul Cas9 protein	60382	60344	3	36
collection_full_00006.xml	41580393	84	reference_only	FDG	[18F]fluorodeoxyglucose	80062	80037	3	23
collection_full_00006.xml	41580393	86	reference_only	MRM	monitoring mode	85695	85678	3	15
collection_full_00006.xml	41580393	86	system_only	MRM	multiple reaction monitoring mode	85695	85660	3	33
collection_full_00006.xml	41601478	51	reference_only	PC	Pericyte	24349	24339	2	8
collection_full_00006.xml	41601478	51	system_only	PC	precursor cell (OPC), Pericyte	24349	24317	2	30
collection_full_00006.xml	41601478	53	reference_only	Tnf	that bridges inflammatory signaling	27159	27122	3	35
collection_full_00006.xml	41601478	53	system_only	Tnf	interactions, forming a triangular network that bridges inflammatory signaling	27159	27079	3	78
collection_full_00006.xml	41601638	91	system_only	NLRP3	NLRP3-inflammasome gene set	47248	47219	5	27
collection_full_00006.xml	41606146	26	system_only	TAMs	tumor-associated macrophages and microglia	4211	4167	4	42
collection_full_00006.xml	41606146	142	system_only	AD	financially supported by ALF-LUA	59399	59365	2	32
collection_full_00006.xml	41606146	142	system_only	AD	Crafoord Foundation	59429	59408	2	19
collection_full_00006.xml	41607831	18	system_only	OS	outer segment of photoreceptors	14333	14300	2	31
collection_full_00006.xml	41607831	35	system_only	PRs	"photoreceptors	3D cellular imaging"	27717	27681	3	34
collection_full_00006.xml	41607831	47	system_only	ON	antibodies against islet-1	41257	41274	2	26
collection_full_00006.xml	41608446	70	system_only	MS	Human CSF	33203	33192	2	9
collection_full_00006.xml	41630642	17	system_only	CDC	Centers for Disease Control and Prevention	2151	2107	3	42
collection_full_00006.xml	41630642	28	reference_only	DEGAS	Diagnostic Evidence Gauge of Single cells	7122	7079	5	41
collection_full_00006.xml	41630642	58	system_only	CUX2+	CUX2-positive excitatory neurons	22197	22163	5	32
collection_full_00006.xml	41630642	58	system_only	CUX2-	CUX2-negative excitatory neurons	22239	22205	5	32
collection_full_00006.xml	41630642	64	system_only	AD	Supplementary Methods for details	25824	25832	2	33
collection_full_00006.xml	41630642	206	reference_only	DEGAS	Diagnostic evidence GAuge of single cells	113192	113149	5	41
collection_full_00006.xml	41638211	50	reference_only	Zenodo	10.5281/zenodo.18405899	49359	49372	6	23
collection_full_00006.xml	41638211	66	reference_only	Zenodo	10.5281/zenodo.18405899	55169	55182	6	23
collection_full_00006.xml	41638211	92	reference_only	Zenodo	10.5281/zenodo.16996392	69636	69649	6	23
collection_full_00006.xml	41638211	96	reference_only	Zenodo	10.5281/zenodo.16996392	71319	71332	6	23
collection_full_00006.xml	41638211	105	reference_only	Zenodo	10.5281/zenodo.16996392	76449	76462	6	23
collection_full_00006.xml	41638211	255	system_only	BD	Becton, Dickinson & Company	98969	98940	2	27
collection_full_00006.xml	41648127	36	system_only	Lrrk2 +/+	hLRRK2-BAC-Tg/Lrrk2 ko, and wild-type	27429	27390	9	37
collection_full_00006.xml	41648127	60	system_only	IgG	Signaling Technology	47942	47952	3	20
collection_full_00006.xml	41648127	153	reference_only	ctrl	control media	68829	68814	4	13
collection_full_00006.xml	41666016	5	reference_only	NF-kappaB	nuclear factor kappa-light-chain-enhancer of activated B cells	3553	3489	9	62
collection_full_00006.xml	41666016	17	system_only	Yes	early endosomes	14103	14108	3	15
collection_full_00006.xml	41666016	39	system_only	p38	/p38 mitogen-activated protein kinase	25124	25085	3	37
collection_full_00006.xml	41673711	9	reference_only	5xTFEB	5xFAD mice with microglia-specific TFEB overexpression	4678	4622	6	54
collection_full_00006.xml	41673711	19	reference_only	TFEB-CA	TFEB (hTFEB) specifically in microglia	8632	8592	7	38
collection_full_00006.xml	41673711	118	system_only	WT	were assigned to genotype-defined groups	68134	68092	2	40
collection_full_00006.xml	41684752	1	system_only	Grn	progranulin	861	848	3	11
collection_full_00006.xml	41705257	126	system_only	hME	Each module's eigengene	32027	32002	3	23
collection_full_00006.xml	41705257	186	reference_only	beta	by educational level	56384	56362	4	20
collection_full_00006.xml	41725679	23	reference_only	SP	stratum pyramidale	13396	13376	2	18
collection_full_00006.xml	41725679	61	system_only	AU	values	38389	38381	2	6
collection_full_00006.xml	41725679	105	system_only	Tnr+	committed oligodendrocyte precursors	65591	65553	4	36
collection_full_00006.xml	41727596	167	system_only	Top	significant down-sampled sets	62318	62349	3	29
collection_full_00006.xml	41734021	1	reference_only	ASC	a caspase recruitment domain	869	839	3	28
collection_full_00006.xml	41734021	1	system_only	ASC	apoptosis-associated Speck-like protein containing a caspase recruitment domain	869	788	3	79
collection_full_00006.xml	41734021	5	reference_only	ASC	a caspase recruitment domain	4034	4004	3	28
collection_full_00006.xml	41734021	5	system_only	ASC	apoptosis-associated speck-like protein containing a caspase recruitment domain	4034	3953	3	79
collection_full_00006.xml	41734021	195	reference_only	B-I	Bonferroni's test	67251	67232	3	17
collection_full_00006.xml	41734021	205	reference_only	C	cells	72924	72917	1	5
collection_full_00006.xml	41735058	54	reference_only	PV+	parvalbumin-expressing	35113	35089	3	22
collection_full_00006.xml	41735058	55	system_only	Layers 3/4	Layers 3/4, narrow-spiking neurons of microglia-depleted	38453	38395	10	56
collection_full_00006.xml	41735058	66	system_only	VPM	ventral posteromedial nucleus of the thalamus	48843	48796	3	45
collection_full_00006.xml	41742681	48	system_only	PFDS	Heptadecafluoro-1,1,2,2-tetrahydrodecyl-dimethylchlorosilane	8190	8128	4	60
collection_full_00006.xml	41756274	46	system_only	Ccl2	Cxcl12+ ECs highly express inflammatory chemokines	27100	27048	4	50
collection_full_00006.xml	41757101	12	system_only	2/3-IT	Exc_L2/3IT	11761	11769	6	10
collection_full_00006.xml	41757101	20	reference_only	L6	Exc_L6b	21412	21434	2	7
collection_full_00006.xml	41757348	14	system_only	orig.ident	function while retaining sample identity metadata	9625	9574	10	49
collection_full_00006.xml	41762738	20	system_only	MERLIN	Machine Learning-Enabled Regional localization of Leukocytes	15138	15146	6	60
collection_full_00006.xml	41762738	37	reference_only	C	concentration	25772	25757	1	13
collection_full_00006.xml	41762738	50	reference_only	D	days	34920	34914	1	4
collection_full_00006.xml	41786767	8	system_only	iMGs	-derived microglial cells	6317	6290	4	25
collection_full_00006.xml	41786767	25	reference_only	PFB-FDGlu	5-(Pentafluorobenzoylamino)Fluorescein Di-beta-D-Glucopyranoside	15199	15133	9	64
collection_full_00006.xml	41786767	47	system_only	iHPCs	differentiated to hematopoietic precursor cells	39373	39324	5	47
collection_full_00006.xml	41786767	55	system_only	TBS-T	TBS with 0.1% Tween-20	44281	44257	5	22
collection_full_00006.xml	41792908	74	system_only	PPi	dephosphorylates multiple substrates, including inorganic pyrophosphate	5345	5272	3	71
collection_full_00006.xml	41826324	19	system_only	i	including	11769	11758	1	9
collection_full_00006.xml	41826324	21	system_only	s.e.	estimated polygenicity	13188	13164	4	22
collection_full_00006.xml	41827846	3	reference_only	FAD	familial cases of AD	2041	2019	3	20
collection_full_00006.xml	41827846	3	system_only	FAD	features and genetic determinants for familial cases of AD	2041	1981	3	58
collection_full_00006.xml	41827846	5	system_only	Abeta	AD pathology, including beta-amyloid	3750	3712	5	36
collection_full_00006.xml	41827846	30	system_only	Abeta	immunostaining for beta-amyloid	14682	14649	5	31
collection_full_00006.xml	41828651	3	system_only	Abeta	extracellular beta-amyloid	1923	1895	5	26
collection_full_00006.xml	41828651	12	system_only	clusters 1	included astrocytes expressing Cldn10, Ntsr2, and Aqp4	7964	7908	10	54
collection_full_00006.xml	41828651	20	system_only	S100b	S100 Calcium-Binding Protein B	16191	16198	5	30
collection_full_00006.xml	41828651	38	system_only	Micro-Homeo	number of significant interactions involving homeostatic microglia	30089	30021	11	66
collection_full_00006.xml	41828651	69	reference_only	Hb-	hemoglobin genes	54970	54952	3	16
collection_full_00006.xml	41828651	192	system_only	all EC	Feature plots of subclusters' gene markers: Cldn5	76772	76721	6	49
collection_full_00006.xml	41838327	51	reference_only	MG	microglia	18764	18753	2	9
collection_full_00006.xml	41838327	51	system_only	MG	marker genes identified for microglia	18764	18725	2	37
collection_full_00006.xml	41851867	11	reference_only	ctrl	control media	6691	6676	4	13
collection_full_00006.xml	41851867	43	reference_only	ppib	protein cyclophilin b	40135	40112	4	21
collection_full_00006.xml	41851867	45	system_only	Lrrk2 +/+	hLRRK2-BAC-Tg/Lrrk2 ko, and wild-type	43877	43838	9	37
collection_full_00006.xml	41851867	71	system_only	IgG	Signaling Technology	64270	64280	3	20
collection_full_00006.xml	41881968	60	system_only	Cy3	cyanine-3-	45250	45239	3	10
collection_full_00006.xml	41882205	24	system_only	AD	analyzed five representative human pathologies	16686	16638	2	46
collection_full_00006.xml	41882205	30	system_only	Mg	microglia belonging to the shown cluster	20447	20405	2	40
collection_full_00006.xml	41882205	43	reference_only	red	representative immunofluorescence of CD74	29978	29935	3	41
collection_full_00006.xml	41882205	148	system_only	DotPlot	Dot plots for marker genes	96355	96327	7	26
collection_full_00006.xml	41884622	12	system_only	DMEM/F-12	Dulbecco's modified Eagle's medium F-12, GlutaMAX  supplement	7005	6942	9	61
collection_full_00006.xml	41888907	11	system_only	PLAID	PLCG2-associated antibody deficiency and immune dysregulation	6745	6682	5	61
collection_full_00006.xml	41888907	69	system_only	A.P.T.	was supported by the Larry L. Hillblom Foundation	36763	36712	6	49
collection_full_00006.xml	41914077	12	system_only	FC	|log2fold change	9346	9328	2	16
collection_full_00006.xml	41914077	16	reference_only	cor	|correlation coefficient	12537	12511	3	24
collection_full_00006.xml	41914077	39	system_only	Servicebio	Servicebio's SweScript First Strand cDNA Synthesis Kit	26901	26845	10	54
collection_full_00006.xml	41928963	24	system_only	or ic	donors, their abundances in the DFC	15120	15083	5	35
collection_full_00006.xml	41928963	24	system_only	CaH	correlated with those in the striatum	15175	15136	3	37
collection_full_00006.xml	41928963	216	reference_only	CaH	coefficient and nominal p-value shown	72642	72668	3	37
collection_full_00006.xml	41950299	31	reference_only	hippo	hippocampus	31228	31215	5	11
collection_full_00006.xml	41950299	31	reference_only	hippo	hippocampus	32132	32119	5	11
collection_full_00006.xml	41950299	32	system_only	IMARIS	analysis was performed utilizing Interactive Microscopy Image Analysis Software	34239	34158	6	79
collection_full_00006.xml	41950299	77	system_only	Gt***	"Technology, Chantilly, VA, USAAbcam, Cambridge, MA, USA	 	Reln"	67846	67782	5	62
collection_full_00006.xml	41953006	11	system_only	L-R	ligand-receptor database based on	8563	8528	3	33
collection_full_00006.xml	41953006	48	reference_only	GSC8-11ZsG	GSC8-11 expressing ZsG reporter	31120	31087	10	31
collection_full_00006.xml	41958918	65	system_only	CPRIT	Cancer Research and Prevention Institute of Texas	27604	27553	5	49
collection_full_00006.xml	41977314	315	system_only	NLRPs	NOD-like receptors containing pyrin	114640	114603	5	35
collection_full_00006.xml	41979288	62	system_only	Ng	inflammatory signatures	54759	54734	2	23
collection_full_00006.xml	41979288	67	system_only	Ng	DNA damage	59009	58997	2	10
collection_full_00006.xml	42011986	72	system_only	ERAD	cytokine responses, and inflammation, while endoplasmic reticulum stress response	28985	28902	4	81
collection_full_00006.xml	42026067	15	reference_only	top	APP23-tg mouse showing a plaque-rich region	15289	15244	3	43
collection_full_00006.xml	42026067	49	system_only	APP23	D2-TgN[Thy-APPSWE]-23- tg mice	48196	48164	5	30
collection_full_00006.xml	42026067	63	system_only	Sigma	digestion with 50 ug/ml Liberase	56446	56412	5	32
collection_full_00006.xml	42026067	185	system_only	CLIC	Clearance of interstitial fluid (ISF) and CSF	84015	83968	4	45
collection_full_00006.xml	42041905	145	system_only	OPCs	MOBP (oligodendrocytes), PDGFRA	55878	55845	4	31
collection_full_00006.xml	42065243	37	reference_only	env	envelope	20393	20383	3	8
collection_full_00006.xml	42106410	30	system_only	LS column	subsequently used columns	15716	15689	9	25
collection_full_00006.xml	42120366	10	system_only	GFP	labeling of pericytes	5487	5464	3	21
collection_full_00006.xml	42120366	15	system_only	ERG+	littermate control lungs showing EdU (red)-stained ECs	12404	12348	4	54
collection_full_00006.xml	42120366	15	system_only	aCap	arterial, venous, general capillary (gCap) and aerocytes	13547	13489	4	56
collection_full_00006.xml	42120366	15	system_only	kDa	iPCKO and littermate control total lung lysates. Molecular weight marker	13762	13688	3	72
collection_full_00006.xml	42120366	17	system_only	Ki67	Mki67	16777	16770	4	5
collection_full_00006.xml	42120366	44	system_only	Egr1	EGR-1, Sox2 and Sox9	38929	38907	4	20
collection_full_00006.xml	42120366	70	reference_only	O/N	overnight	61290	61279	3	9
collection_full_00006.xml	42131345	16	system_only	PAP-1	"hyperactivity	Pharmacological Kv1.3 inhibition rescue"	13731	13676	5	53
collection_full_00006.xml	42133140	39	system_only	IDT	oligo dTVN30	17144	17130	3	12
collection_full_00006.xml	42133140	52	system_only	ERCC-	ERCC RNA spike	21563	21547	5	14
collection_full_00006.xml	42133140	64	system_only	ACGT	matching the UB: Z:	26336	26316	4	19
collection_full_00006.xml	42135303	10	reference_only	insula	insular cortex	6739	6723	6	14
collection_full_00006.xml	42135303	10	system_only	PreCG	precentral gyrus of the frontal cortex	6792	6752	5	38
collection_full_00006.xml	42135303	31	system_only	SEA-AD	Seattle Alzheimer's Disease Brain Cell Atlas	29665	29619	6	44
collection_full_00006.xml	42135303	56	reference_only	MS	Methods	51923	51954	2	7
collection_full_00006.xml	42135303	130	system_only	GO	genes followed by pathway	104396	104369	2	25
collection_full_00006.xml	42135303	134	system_only	TFs	chromVARmotifs::human_pwms_v2	106273	106278	3	29
collection_full_00006.xml	42148317	10	reference_only	biomarkers	biological markers	3681	3661	10	18
collection_full_00006.xml	42148317	30	reference_only	avertin	anesthetized via intraperitoneal injection of tribromoethanol	14029	13966	7	61
collection_full_00006.xml	42153599	24	system_only	UMAP	Uniform manifold approximation and projection for dimension reduction	16060	15989	4	69
collection_full_00006.xml	42153599	68	system_only	HLA	Macrophages, Lymphocytes and Major Histocompatibility Complex	29058	28995	3	61
collection_full_00006.xml	42164526	107	reference_only	active	and inactive	51588	51574	6	12
collection_full_00006.xml	42164526	107	reference_only	inactive	(iii) Similarly, reactions active	51717	51682	8	33
collection_full_00006.xml	42164526	107	reference_only	active	and inactive	51762	51748	6	12
collection_full_00006.xml	42166149	25	reference_only	taub	tau-b	11682	11675	4	5
collection_full_00006.xml	42166149	35	reference_only	taub	tau-b	19580	19573	4	5
collection_full_00006.xml	42166149	42	system_only	AD-Lung	across major recorded lung cell populations	25270	25225	7	43
collection_full_00006.xml	42166149	51	system_only	AD	astrocyte-specific modules	33110	33128	2	26
collection_full_00006.xml	42166149	65	system_only	pdDGEs	ROSMAP-AD (adDGEs) and Kamath-PD	43681	43647	6	32
collection_full_00006.xml	42166149	188	reference_only	taub	tau-b	110665	110658	4	5
collection_full_00006.xml	42166149	190	reference_only	taub	tau-b	112523	112516	4	5
collection_full_00006.xml	42174715	80	reference_only	AAV-Cmpk2	adeno-associated virus expressing Cmpk2 shRNA	34491	34444	9	45
collection_full_00006.xml	42174715	91	reference_only	Cmpk2	si-CMPK2	41972	41979	5	8
collection_full_00006.xml	42174715	91	system_only	si-CMPK2	siRNA targeting Cmpk2	41979	41956	8	21
collection_full_00006.xml	42198657	9	system_only	PBST	PBS containing 0.05% Tween-80	6259	6228	4	29
collection_full_00006.xml	42215496	49	system_only	II	Bioscience	25718	25725	2	10
collection_full_00006.xml	42224591	17	system_only	OPC marker	of MOBP (oligodendrocyte marker), PDGFRA	10294	10252	10	40
collection_full_00006.xml	42236894	20	system_only	fAbeta1-42	of Abeta1-42 fibrils	9342	9320	10	20
collection_full_00006.xml	42236894	75	system_only	Torin1	inhibitors against mTORC1 (rapamycin; 400 nM), mTORC2	43157	43102	6	53
collection_full_00006.xml	42236894	144	system_only	Abeta	microglia to beta-amyloid	68942	68915	5	25
collection_full_00006.xml	42237401	33	reference_only	SCVI	scvi-tools v0.20.3	20781	20787	4	18
collection_full_00006.xml	42237401	52	system_only	InN	excitatory (ExN) and inhibitory	35744	35711	3	31
collection_full_00006.xml	42263400	3	reference_only	DPD	depression in patients with PD	423	391	3	30
collection_full_00006.xml	42263400	16	reference_only	DPD	depression in patients with PD	4779	4747	3	30
collection_full_00006.xml	42263400	31	reference_only	DPD	Depression in PD	13585	13567	3	16
collection_full_00006.xml	42263400	51	system_only	TH	Technology Cat# 58844	20980	21000	2	21
collection_full_00006.xml	42263400	53	system_only	PBST	PBS containing 0.25% Triton X-100	22726	22732	4	33
collection_full_00006.xml	42263400	99	system_only	DPD	and PD with comorbid depression	61067	61034	3	31
collection_full_00006.xml	42263400	103	system_only	SN	across emotion-related (HIP, mPFC) and motor-related	65794	65740	2	52
collection_full_00006.xml	42263400	121	reference_only	DPD	development of depressive comorbidity	87366	87327	3	37
collection_full_00006.xml	42263400	121	system_only	DPD	depressive comorbidity	87366	87342	3	22
collection_full_00006.xml	42266272	1	system_only	Tregs	that aberrant immune crosstalk between regulatory T cells	374	315	5	57
collection_full_00006.xml	42266272	40	system_only	AD	delineated	29660	29682	2	10
collection_full_00006.xml	42278544	1	system_only	Abeta	extracellular beta-amyloid	224	196	5	26
collection_full_00006.xml	42278544	29	system_only	IFN-I	significant downregulation of the type I interferon	22168	22115	5	51
collection_full_00006.xml	42278544	40	reference_only	MGnD	microglia can transform into neurodegenerative microglia	30036	29978	4	56
collection_full_00006.xml	42278544	153	system_only	FISH	"seqFISH+	In situ imaging"	61344	61318	4	24
collection_full_00006.xml	42278544	163	system_only	GEO	"heterogeneity makes validation across  different samples difficult	Open-access data repositories"	70987	70889	3	96
collection_full_00006.xml	42294901	50	system_only	Lyz2	Lysozyme/Lyz2+ state, characterized by lysosomal and phagocytic gene programs	15343	15264	4	77
collection_full_00006.xml	42294901	50	system_only	Nlrp3	NLRP3+/IL-1beta+ inflammasome-linked state marked by inflammatory genes	15562	15489	5	71
collection_full_00006.xml	42356451	74	reference_only	L.S.	Laura Santagostini	39951	39957	4	18
collection_full_00006.xml	42356451	74	reference_only	L.S.	Luigi Sironi	40172	40178	4	12
collection_full_00006.xml	42362883	22	system_only	p21	upregulated CDKN2A (p16) and CDKN1A	15261	15224	3	35
collection_full_00006.xml	42362883	30	system_only	p21	upregulated CDKN2A (p16) and CDKN1A	20455	20418	3	35
collection_full_00006.xml	42362883	68	reference_only	c	cells	44933	44926	1	5
collection_full_00006.xml	42362883	82	system_only	ref.	generated from C2	55098	55079	4	17
collection_full_00006.xml	42362883	120	reference_only	area	and morphometric features	71443	71416	4	25
collection_full_00006.xml	42362883	146	system_only	ref.	persistent identifiers in Zenodo at 10.5281/zenodo.20507096	79642	79581	4	59
collection_full_00006.xml	42365367	55	system_only	cDSS	scDblFinder with default parameters, resulting in 6441 cells	27168	27106	4	60
collection_full_00006.xml	42365367	55	system_only	UMAP	uniform manifold approximation and projection for dimension reduction	27447	27376	4	69
collection_full_00006.xml	42418294	28	system_only	MCE	mice were euthanized using sodium pentobarbital	10674	10625	3	47
collection_full_00006.xml	42418294	35	system_only	oe-NC	corresponding negative controls	12599	12566	5	31
collection_full_00006.xml	42425959	207	system_only	TSPO	Translocator protein 18 kDa	106408	106379	4	27
collection_full_00006.xml	42439650	21	system_only	HO	Human iPSC-derived oligodendrocyte progenitor cells	11556	11503	2	51
collection_full_00006.xml	42439650	231	reference_only	Red	red:(B)	83904	83909	3	7
collection_full_00006.xml	42439650	239	system_only	A`-C`	and immune cells (red), and	98293	98264	5	27
collection_full_00006.xml	42439650	240	system_only	A`-C`	and immune cells (red), and	100508	100479	5	27
collection_full_00006.xml	42439650	240	system_only	D`-F`	organoids after reperfusion for 48 h, and	100611	100568	5	41
collection_full_00006.xml	42449710	20	system_only	ITGAE	integrins anchoring cells to the parenchyma	14885	14840	5	43
collection_full_00006.xml	42463666	12	system_only	artEC	as markers of endothelial cell zonation from arteries	9990	9935	5	53
collection_full_00006.xml	42463666	21	reference_only	red	Representative image panel showing N3ECD	16719	16677	3	40
collection_full_00006.xml	42463666	22	system_only	AD	analyzed mouse models for three brain disorders	17025	16976	2	47
collection_full_00006.xml	42463666	42	reference_only	red	Representative image panel showing N3ECD	34477	34435	3	40
collection_full_00006.xml	42463666	113	system_only	Rao	performed as previously described	79524	79489	3	33
collection_full_00006.xml	42523206	36	system_only	DCC	guidance molecule Netrin-1	22705	22677	3	26
collection_full_00006.xml	42523206	81	system_only	Vas	vascular cell types, including Herring	49251	49211	3	38
collection_full_00006.xml	42523206	89	reference_only	hvgs	highly variable genes	52443	52420	4	21
collection_full_00006.xml	42578421	7	reference_only	IFITM3	identified interferon-induced transmembrane protein 3	1480	1425	6	53
collection_full_00006.xml	42578421	7	system_only	IFITM3	interferon-induced transmembrane protein 3	1480	1436	6	42
collection_full_00006.xml	42578421	23	reference_only	ICR	ileocolic bowel resection	7851	7824	3	25
collection_full_00006.xml	42578421	23	system_only	ICR	ischemia, mice underwent ileocolic bowel resection	7851	7799	3	50
collection_full_00006.xml	42578421	29	system_only	PBS	PBST	9346	9354	3	4
collection_full_00006.xml	42578421	29	system_only	PBS	PBST	9428	9438	3	4
collection_full_00006.xml	42578421	29	system_only	Goat	following primary antibodies: anti-Iba1	9541	9500	4	39
collection_full_00006.xml	42578421	39	reference_only	MT%	mitochondrial percentage	15827	15801	3	24
collection_full_00006.xml	42578421	69	reference_only	ICR	ileocolic bowel resection	38887	38860	3	25
collection_tiab_00001.xml	6160316	1	system_only	PO	protein and the major peripheral myelin glycoprotein	976	922	2	52
collection_tiab_00001.xml	8581494	1	system_only	CRF-BP	Corticotropin releasing factor (CRF) binding protein	157	103	6	52
collection_tiab_00001.xml	8847097	1	system_only	nu/nu	neonatal and adult homozygous athymic nude	277	233	5	42
collection_tiab_00001.xml	9525662	1	reference_only	monocytes	mononuclear phagocyte lineage cells	222	185	9	35
collection_tiab_00001.xml	10937574	1	reference_only	LPS	(IFN)gamma-lipopolysaccharide	915	884	3	29
collection_tiab_00001.xml	11078214	1	reference_only	ibal	ionized calcium binding adaptor molecule-1	890	846	4	42
collection_tiab_00002.xml	12824248	1	reference_only	JNK	c-Jun amino(N)-terminal kinase	818	786	3	30
collection_tiab_00002.xml	14982747	1	system_only	TUNEL	deoxynucleotidyltransferase-mediated dUTP nick-end labeling	1352	1291	5	59
collection_tiab_00002.xml	14989469	1	reference_only	sulphatide	3'-O-sulphogalactosylceramide	300	269	10	29
collection_tiab_00002.xml	17162663	1	system_only	IGFBP	insulin-like growth factor (IGF)-binding protein	1240	1190	5	48
collection_tiab_00002.xml	17267578	1	system_only	MICA/B	major histocompatibility complex class I chain-related molecules A and B	1016	942	6	72
collection_tiab_00002.xml	17661345	1	system_only	WRS	However, tryptophanyl-tRNA synthetase	807	768	3	37
collection_tiab_00002.xml	17928334	1	reference_only	IFN-beta	infection induces expression of both beta interferon	200	146	8	52
collection_tiab_00002.xml	18816448	1	reference_only	betagal	beta-galactosidase	210	190	7	18
collection_tiab_00002.xml	19715671	1	reference_only	V-ATPases	Vacuolar H(+)-ATPases	81	58	9	21
collection_tiab_00002.xml	19804829	1	reference_only	CB2	cannabinoid type 2 receptor	737	708	3	27
collection_tiab_00002.xml	20082289	1	reference_only	CXCL10(-/-)	CXCL10-deficient	833	815	11	16
collection_tiab_00002.xml	20082289	1	reference_only	CXCR3(-/-)	CXCR3-deficient	868	851	10	15
collection_tiab_00002.xml	20214394	1	reference_only	PDMS	poly(dimethylsiloxane)	535	511	4	22
collection_tiab_00002.xml	20403075	1	reference_only	Tat	transactivator of transcription	721	688	3	31
collection_tiab_00002.xml	20403075	1	system_only	Tat	transcription	721	706	3	13
collection_tiab_00002.xml	20737593	1	system_only	GRN	progranulin gene	289	271	3	16
collection_tiab_00002.xml	20737593	1	system_only	Grn	progranulin gene	554	536	3	16
collection_tiab_00002.xml	20840837	1	system_only	II	Tricarbonyldichloro ruthenium	565	534	2	29
collection_tiab_00003.xml	21282508	1	reference_only	P3C	Pam(3)CysSK(4)	546	530	3	14
collection_tiab_00003.xml	21437620	1	reference_only	pnn	Pinin	96	89	3	5
collection_tiab_00003.xml	21629840	1	reference_only	NF-kappaB	Nuclear factor kappa-light-chain-enhancer of activated B cells	438	374	9	62
collection_tiab_00003.xml	21640790	1	system_only	HMG	human astroglial (HAG) and microglial	720	681	3	37
collection_tiab_00003.xml	21918362	1	system_only	SHP-2	tyrosine phosphatase 2	199	175	5	22
collection_tiab_00003.xml	22416649	1	system_only	CAE	specific brain cell types infected by the	808	765	3	41
collection_tiab_00003.xml	23294734	1	system_only	pNR1	receptor NR1 subunit phosphorylation	1580	1542	4	36
collection_tiab_00003.xml	24792326	1	reference_only	OTA	Ochratoxin A	209	195	3	12
collection_tiab_00003.xml	24792326	1	system_only	OTA	of the environmentally abundant mycotoxin Ochratoxin A	209	153	3	54
collection_tiab_00003.xml	25643925	1	reference_only	NCX	Na(+) /Ca(2+) exchanger	1299	1274	3	23
collection_tiab_00003.xml	25725353	1	system_only	MyD88(-/-)	MyD88 knockout mice	1404	1383	10	19
collection_tiab_00003.xml	25765661	1	system_only	Tweak	factor-like weak inducer of apoptosis	583	544	5	37
collection_tiab_00003.xml	26296699	1	system_only	Iba1+	Iba1 and microglial cell	773	747	5	24
collection_tiab_00003.xml	26296699	1	system_only	Tg	the most upregulated genes in GFAP	911	875	2	34
collection_tiab_00004.xml	27285162	0	system_only	Nanotomy	Scanning Transmission Electron Microscopy	55	12	8	41
collection_tiab_00004.xml	27285162	1	reference_only	nanotomy	nano-anatomy	1835	1821	8	12
collection_tiab_00004.xml	28093569	1	system_only	TSPO	translocator protein 18 kDa	202	173	4	27
collection_tiab_00004.xml	28441917	1	reference_only	CSF	serum/cerebrospinal fluid	340	313	3	25
collection_tiab_00004.xml	28441917	1	system_only	CSF	changes in serum/cerebrospinal fluid	340	302	3	36
collection_tiab_00004.xml	28533375	1	system_only	NRF2	nuclear factor-erythroid 2 p45-derived factor 2	217	168	4	47
collection_tiab_00004.xml	28602351	1	system_only	DAM	describe a novel microglia type associated with neurodegenerative diseases	530	454	3	74
collection_tiab_00004.xml	28708050	1	reference_only	inl	internalin	703	691	3	10
collection_tiab_00004.xml	29997299	1	system_only	CoBrA	concurrent brain cell type acquisition	546	506	5	38
collection_tiab_00004.xml	30099090	1	system_only	Type B	wildtype C57BL6 mice differentiated into CD11b+ microglia	737	678	6	57
collection_tiab_00004.xml	30223011	1	system_only	11C	11 HC were scanned using	1125	1099	3	24
collection_tiab_00004.xml	30223011	1	system_only	SUVR	Standardized uptake values normalized by occipital cortex signal	1215	1149	4	64
collection_tiab_00004.xml	30267656	1	system_only	ONL	of TUNEL-positive cells and l-plastin-positive microglia in both the outer	1419	1343	3	74
collection_tiab_00004.xml	30448285	1	system_only	GRN	progranulin	175	162	3	11
collection_tiab_00004.xml	30828870	1	reference_only	dpi	days post TBI	568	553	3	13
collection_tiab_00005.xml	31033049	1	system_only	HBEGF	heparin-binding epidermal growth factor-like growth factor	1450	1390	5	58
collection_tiab_00005.xml	31242048	1	system_only	TSPO	translocator protein	125	138	4	20
collection_tiab_00005.xml	31983537	1	reference_only	MADMs	mosaic analysis with double markers	378	341	5	35
collection_tiab_00005.xml	31983537	1	system_only	MADMs	system called mosaic analysis with double markers	378	327	5	49
collection_tiab_00005.xml	32023447	1	system_only	CyTOF	cytometry by time-of-flight mass spectrometry	748	701	5	45
collection_tiab_00005.xml	32150624	1	system_only	LUHMES	cultured human dopaminergic neurons	387	350	6	35
collection_tiab_00005.xml	32224220	1	system_only	EtOH	concentrations of ethanol	676	649	4	25
collection_tiab_00005.xml	32399472	1	system_only	iMG	-hiPSC-derived microglia	617	591	3	24
collection_tiab_00005.xml	33207193	1	system_only	NAct	microglial-immune activation	882	852	4	28
collection_tiab_00005.xml	33592194	1	system_only	TAMEP	with a myeloid-like expression profile	587	547	5	38
collection_tiab_00005.xml	33606969	1	system_only	WAMs	white and gray matter separately, we identified white matter-associated microglia	273	190	4	81
collection_tiab_00005.xml	33789113	1	reference_only	MBs	medulloblastomas	396	378	3	16
collection_tiab_00005.xml	33789113	1	system_only	MBs	malignant pediatric brain cancer, showed that medulloblastomas	396	332	3	62
collection_tiab_00006.xml	34231253	1	system_only	AEA	2-Arachidonoylglycerol (2-AG) and Anandamide	1113	1067	3	44
collection_tiab_00006.xml	34839533	1	system_only	EtOH	responses to ethanol	344	322	4	20
collection_tiab_00006.xml	34848203	1	system_only	TSPO	Translocator Protein 18 kDa	138	109	4	27
collection_tiab_00006.xml	35121879	1	system_only	TAMs	Tumor-associated macrophages and microglia	285	241	4	42
collection_tiab_00006.xml	35177426	1	system_only	TSPO	Translocator protein 18 kDa	497	468	4	27
collection_tiab_00006.xml	35847267	1	system_only	SEVs	populations: large (LEVs) and small	356	319	4	35
collection_tiab_00006.xml	37076634	1	system_only	SE	anti-seizure effect in kainic acid-induced epileptic status	1159	1098	2	59
collection_tiab_00007.xml	37314520	1	reference_only	BET	bromodomain and extraterminal domain-containing	858	809	3	47
collection_tiab_00007.xml	37391121	1	reference_only	TLR2-KO	Toll-like receptor (TLR)2-knock out	649	612	7	35
collection_tiab_00007.xml	37838007	1	system_only	GRN	progranulin	238	225	3	11
collection_tiab_00007.xml	37905092	1	system_only	DCs	endothelial cells	921	902	3	17
collection_tiab_00007.xml	38038724	1	reference_only	HuR	Human antigen R	104	87	3	15
collection_tiab_00007.xml	38187779	1	system_only	ROSMAP	Religious Orders Study or Rush Memory and Aging Project	735	678	6	55
collection_tiab_00007.xml	38187779	1	system_only	PULV	pulvinar in thalamus	987	965	4	20
collection_tiab_00007.xml	38678526	1	reference_only	GSE	Gene Expression Omnibus Series	740	708	3	30
collection_tiab_00007.xml	38678526	1	system_only	GO	Gene Ontology Functional Enrichment Analysis	992	996	2	44
collection_tiab_00007.xml	38718909	1	system_only	AD	a 5XFAD mouse model	901	880	2	19
collection_tiab_00007.xml	38838017	1	system_only	TAP	Transporter associated with Antigen Processing	1158	1110	3	46
collection_tiab_00007.xml	38944109	1	system_only	HERV-W	The endogenous retrovirus type W	121	87	6	32
collection_tiab_00007.xml	38997465	1	system_only	TSPO	Translocator Protein 18 kDa	352	323	4	27
collection_tiab_00008.xml	39325357	1	system_only	TST	Acute stress causes depressive-like reactions in the tail suspension	194	124	3	68
collection_tiab_00008.xml	39463993	1	system_only	PD	published Alzheimer's (AD), Parkinson's	275	234	2	39
collection_tiab_00008.xml	39531927	1	system_only	PTEN	phosphatase and tensin homolog deleted from chromosome 10	333	274	4	57
collection_tiab_00008.xml	39565875	1	reference_only	ROBO2	anti-ROBO1/2	740	747	5	12
collection_tiab_00008.xml	39565875	1	system_only	anti-ROBO1/2	that inhibited in vitro SLIT2 signaling through ROBO1 and ROBO2	747	682	12	63
collection_tiab_00008.xml	39626378	1	system_only	Treg	adoptive regulatory T cell	198	170	4	26
collection_tiab_00008.xml	39630039	1	system_only	MAPKis	mitogen-activated protein kinase (MAPK) pathway inhibitors	1267	1207	6	58
collection_tiab_00008.xml	39892689	1	system_only	TS	Tourette disorder	142	123	2	17
collection_tiab_00008.xml	39985481	1	system_only	ROS/MAP	Religious Orders Study or the Rush Memory and Aging Project	351	290	7	59
collection_tiab_00008.xml	40037549	1	reference_only	PS1	precursor protein/presenilin 1	1307	1275	3	30
collection_tiab_00008.xml	40037549	1	system_only	PS1	protein/presenilin 1	1307	1285	3	20
collection_tiab_00008.xml	40105475	1	system_only	AD	BackgroundAlzheimer's disease	176	145	2	29
collection_tiab_00008.xml	40166228	1	system_only	SEA-AD	Seattle Alzheimer's Disease Brain Cell Atlas	630	584	6	44
collection_tiab_00008.xml	40168986	1	reference_only	CCK	carrying cholecystokinin	1231	1205	3	24
collection_tiab_00008.xml	40168986	1	system_only	CCK	cholecystokinin	1231	1214	3	15
collection_tiab_00008.xml	40198445	1	reference_only	Tat	transactivator of transcription	1681	1648	3	31
collection_tiab_00008.xml	40198445	1	system_only	TFAM	transcription factors such as mitochondrial transcription factor A	984	916	4	66
collection_tiab_00008.xml	40198445	1	system_only	Tat	transcription	1681	1666	3	13
collection_tiab_00009.xml	40250710	1	reference_only	PFA-EPN	posterior fossa type A EPN	604	576	7	26
collection_tiab_00009.xml	40250710	1	system_only	EPN	PFA-EPN	599	604	3	7
collection_tiab_00009.xml	40475555	1	system_only	Hi-C	chromatin conformation capture	654	622	4	30
collection_tiab_00009.xml	40500344	1	system_only	d 7	CD73 across all cell types in orthotopic naive G422TN-GBM tumors	696	630	3	64
collection_tiab_00009.xml	40967548	1	reference_only	NF-kappaB	/nuclear factor kappa-light-chain-enhancer of activated B cells	1776	1711	9	63
collection_tiab_00009.xml	40986354	1	system_only	m6A	involvement of N6-methyladenosine	296	261	3	33
collection_tiab_00009.xml	41129234	1	system_only	C99	C-terminal 99-residue transmembrane fragment	539	493	3	44
collection_tiab_00009.xml	41184966	1	system_only	Ca2+	mCa2+ flux using ratiometric calcium	1122	1084	4	36
collection_tiab_00009.xml	41223896	1	system_only	scRNA-seq	single-nucleus (snRNA-seq) and single-cell	436	392	9	42
collection_tiab_00009.xml	41229140	1	system_only	iEMPs	hiPSC-derived erythromyeloid progenitors	629	587	5	40
collection_tiab_00009.xml	41256419	1	system_only	I-II	Stratification of subjects by Braak stage	1028	985	4	41
collection_tiab_00010.xml	41413202	1	system_only	ASD	and increase risk of neurodevelopmental disorders in offspring, including autism	367	285	3	80
collection_tiab_00010.xml	41455369	1	system_only	NLRP3	domain like receptor protein 3	204	172	5	30
collection_tiab_00010.xml	41648346	1	system_only	Grn	progranulin	862	849	3	11
collection_tiab_00010.xml	41794902	1	system_only	Trm	tissue-resident memory T cells	210	178	3	30
collection_tiab_00010.xml	41851475	1	reference_only	MCC	maximum group centricity	770	744	3	24
collection_tiab_00010.xml	41856199	1	system_only	FP	PGF2alpha receptor	921	901	2	18
collection_tiab_00010.xml	41856199	1	system_only	L-PGDS	upregulated PGD2 synthase	1322	1295	6	25
collection_tiab_00010.xml	41863015	1	system_only	Ia	in human FCD subtypes	877	854	2	21
collection_tiab_00010.xml	41895666	1	system_only	NIK	inducing kinase	1504	1487	3	15
collection_tiab_00010.xml	42020719	1	reference_only	Il15ra-/-	interleukin-15 receptor subunit alpha knockout	492	444	9	46
collection_tiab_00010.xml	42020888	1	reference_only	NF-kappaB	nuclear factor kappa-light-chain-enhancer of activated B cells	910	846	9	62
collection_tiab_00010.xml	42051203	1	system_only	Tie2	Tyrosine kinase with immunoglobulin-like epidermal growth factor-like domains 2	1391	1310	4	79
collection_tiab_00010.xml	42082621	1	reference_only	M2	M2a	1983	1987	2	3
collection_tiab_00010.xml	42282778	1	system_only	oHSV	Oncolytic herpes simplex virus type 1	699	660	4	37
collection_tiab_00011.xml	42393685	1	reference_only	ALS	ALS-ES	407	412	3	6
collection_tiab_00011.xml	42393685	1	system_only	ALS-ES	abnormalities in early-stage ALS	412	378	6	32
collection_tiab_00011.xml	42464356	1	system_only	Grn	progranulin	869	856	3	11
collection_tiab_00011.xml	42492522	1	reference_only	EEL-FISH	enhanced electric single-molecule fluorescence in situ hybridization	717	647	8	68
collection_tiab_00011.xml	42492522	1	system_only	EEL-FISH	electric single-molecule fluorescence in situ hybridization	717	656	8	59
collection_tiab_00011.xml	42535877	1	system_only	OH-BTH	of six benzothiazole derivatives, benzothiazole (BTH), 2-hydroxybenzothiazole	381	302	6	77
collection_tiab_00011.xml	42535877	1	system_only	NH2-BTH	2-hydroxybenzothiazole (OH-BTH), 2-aminobenzothiazole	412	357	7	53
collection_tiab_00011.xml	42585801	1	system_only	GRN	progranulin	1023	1010	3	11
